{"file_hashes":[{"block_hashes":["OLFG/2N4bOFLBInwU5QKP/pCWY82zB+kbMxwB6Wd2Lo=","LJOHOPfF53A1v6E/DdM+j1YUdBA0FUI1L4kOa9e1bfw=","XdYHdbwZq34EksRPPHjbgBapgDMqpLnnyB/yddwKDoM=","HsdWmu1C1Dl4GBPAP+Hh6lE8edd1DY63GZehwiclbFY=","WwR34I239AULdjeyJ+J70MTsliUrdMx5YfmkFHUv7QU=","wlNUH0MVSVFuff6+j2na773s+GhpAn2q9/8WJbVbMVk=","A3UXqQzjUY/Ug3ZqblrLbuFWxy+7yoLrwKLtezyxlDE=","hpi864NzxaibMcXT0f6yTHCyuHNgXhA+6AG99HVh86o=","QpZcnY9eGVsfD4wdZafRDhS+ZZoi5brDwleMoRfr5Fs=","vvv/qqxDrnixLk/zQEArMTsnCfihCVYe+UlhDCJNfdU=","jc+9ZnVQoC6h7Lfdtb1dqkqsl32i+rtu7uwwj4BOpqM=","p+wWQMmFFrU3DhNl+6EVclUGQ+mFbI+5HZtveWQxWdk=","GvovtIs0LKsR3Xp5INP6gjRO40kaBBlfLeKy6Q/mtvU=","Lt3wGTwgT9L3r4wE/+ZZP5kgQDCj38VNTRWF0e9umVo=","FiaNphSu/BY8Rs8DV0YxX0IV6dMFTZ4dJYy+WFO4TWs=","HcFUH1TwS75KNgiycPkO1X1QIw06i6ExXfZCCCIzz1I=","c2qT+JF1TiIBtk2aKACKx8n1QoE0v5Ni2ntrGq4b/Dk=","1ThCkgk9vxYd04H/iPoml+f9FjWFQHLda5pco5TzdbI=","yvDtwg29Is5mzaDd0AXPKaSYkXKrej1yvqYTHsC7UBg=","wUQ1kzl3isGJXRKAXf3E1aBS/Q299M7a7UbM6UfwBKw=","2qLxCTYzLmVAgNzrvTwZ2OkPGGA8TtGvnTMKvXGSVK4=","tKrOs+tGoOAUOiK3FNnkTJ+Dd8BH9o5t3KI/+xJLxR4=","WKFz9JJv5I1Gpq63416Xb3HlrZf1E+synvUbAeJFJW0=","wq6jxlcgpgrs78vbPn6UvGkhkFCzHbUJWXPnwNH00jk=","BqLSDy+OTOrMFZ+fDsDRZ4EYo90dUIAb/0QjJklUGx4="],"block_size":4096,"path":"data/services.json"},{"block_hashes":["ZFn3Cw4hgRFjMv2UsbhW7zZMtIdZuu9MUER9kBYHZ7o=","zVibpC3aRo5hKbHQ+JHzAmhICi8J3n9P5P0FUVDQ0TU=","X0qmnK4B6y2hh4IsRbiyC4L8Kx9W1ai5bTjNt2f20Ww=","IHvCjyyHtl69uxLkojBBGBcxl2tTm/1JiLp0Ls1J56s=","LExDnKUGsZ1YRm/2mAkwo6DMHRSSOYMAhaH5H9v2wyc=","F+UsoYnJz1/f7D5n0Vi3kMzEFJ4TyGc2okuZmtVWqjk=","563ZcLoQ5IAr2L6ZkHiEqcw5QpZYIxtuyiiL/Hs9Z1E=","icZFLNLnK+trYgLnoXxw2aO1tCytztewN2E3N65xt9I=","rm1P13UGzLgLbbb9CBJM9+LOvuOWDJpWdLCoFSrx0ws=","CWizuKF3Shlbh41t0Um4v90vnXv6T80ZUv5rtSI0iYM=","AHx8ATsxuSIRGAZhnwHpE3fsKbbjoRP2fyEWJBvknEo=","eenWWF1OR1mlXTgxKQ2HOP4y7F8oUnSggniYRWv9yaM=","tSWNmyOu6Vo6XgDEGRHPoR7PYzHeigq3cwt9UNNPQq8=","5VpE/UVINTGOO53H2snp2gbNAKXWovDOdWWNHsjQ6Mw=","Tyf6ZV3eJgJIzJ3aGOw1S4qE/bePBQ3RzxWfvGiao64=","9rYCVfUTaKhCFxgHziLOaWdm2UsI6yNmxswBMpl+I8M=","YUHEnbGaoznsUWu8mui60Eo0OWLHbfaHkILy/Aeofws=","lbtqrM3ONcfxz9gk2IUDkC8Dt95EapsZHCZNING/wlQ=","rqWl6eH1iGJjWrviDgafdYG0LJzNc8CwHh568+K4FRE=","LwnB8jsmBnwt2jK6Xo3GiKExiaE2hRYus6q78MCAjRc=","T7yDIaKz3rxAfMSzrZDuglYWFHCH1bBA5OMAu9rkOMw=","372C1BSDO1fSbL2UARxiwKvDjRhRPz784DuNFgdQhC4=","NRxpatD7GslwwFesH1XIgENnQCrYB3pdArm/QCAPOSg=","6h2CYeByZ9DcvDfEwcOeLYlKb4e3qNQFSINVdnKNVlA=","nwyUaVsFA/Mmjp9pm8/aBljfmj3rh7rojMLA8MN+Ocg=","J15xY3VHDVfqaes/f6f3sJhevxnpjnEDLAD4F+gVJaU="],"block_size":4096,"path":"fonts/69e03e4b-d31e-4a31-b803-d31679c0e921-1.ttf"},{"block_hashes":["ppcg6X/H6/2RZrqEDTQP4LBIIj2TMCd/SSi5+8/bDD0=","5kODu+beU2E/K9f70Uw8OEhAHwpSohGKDQbilqN3VoI=","8zquVcPv07SQf5lEipINGgYTdMBgJ5Sn94qSGZjkVW8=","W5RwPLcC+2HdJzLPzvzK9r2RGkYWGexZHDAeJTKd34E=","hBng4Vea7KZhq0BQ3CBnfkDRc56WrzyEQeanr28Z2p8=","4ixVCCNjFIfRIWVqWzLrGovLcaQq3rT42FrSjXn4DUw=","kt8FBg/Mf1KWUSDUQA2tFOj/oTny3SU3jRAd921cMZ0=","b0KEp5nN7tz1UFIzy67cgNaCjyA3BUQwNXgm+YhHpnc=","RlWZdIrflxqk6rmLQdSr6dLrYOmavw2Yd1vgYBZl76w=","t1jImcQ6MvabWEpX4yMn0WcRZW3Im6u/zd8pRcFrVrs=","Tx/6/NUZjp+y33HSu4nM2GxLf4GbfKQV/5xnRZDFL8o=","mLLRBvEbwzgTbNOWVhoKMeZvUkMW/C2aPgLJ37wINHM=","E9vReWd2L4YTE/60QGzPvANaTUFNILiabr8E+2WRnsY=","6uaE8ZpH+TtctekgDP0noMRY6r4W9orMXxHgClqYAP4=","BTTkesOtKAbN1iRanAwXuwvth2D49kX8YAsVQ1kPWkw=","J7YSe28iYmZFN2U4o+7PjD6Sa4A1mxF96EPPnoNmr3I=","AE0LPO5eb1B7Y9UF62ZjFqCy5SQ0iEXDIbDvhVkPbf8=","6pKjPwHBqOYy5AOEP7KdSuP749dzpmyvPkGEeuxbJQE=","SInlRMn+SfjpOHJ9ojYuBlkBDzYtoDJqYWwwdRvrLsg=","3YMZiOFOlwWHCOUcFCEHexZtCVArWgSWmuQvWyF7GV0=","zeBi8OcyYAL9OkDcdB26qiBBTwkOPsu728FKCZuC9zg=","R+6OZW/MDbSMnCbv2WI3dt5Gb5xXnuR/2CPOs3ILReI=","ijqLjH6rInyKF5jdNkJJ2YfIToVLZHoXOJCj9idSvBg=","aZZ/pIaFIZz+hRuXQzAyeckLLJy0DtSz9a3afPNXdbE=","jHbxtf2LuhOVchthMFnE2Y8LS7VIbxWjT71Vd0PsTHw=","+u+kX96+dRr+g1RcLKXuWbD0hKYVaHCB0Vj9kBpnbVQ="],"block_size":4096,"path":"fonts/69e03e4b-d31e-4a31-b803-d31679c0e921-2.eot"},{"block_hashes":["/L57Bs5H6L7YWEhJMK7YZEEUw3P1dVH7gUM5hKRPCyY=","19ariLjVd1cxBwfm/lGHtzzlHJ9ApO8P/w8CdbyPV34=","bRLV4ylmJ6JQPwf2O2Iq4oT3D2ZSEN8g/zp2zuDDSMM=","6GeSfkO/AB87KWRA9X6mc5wEkNM0QQX8LnnX3nVzQi0=","hLnVbsIbbIjqlu+c5SlGoEfsYC60xNlGibrGBEWoqp8=","wCTEFwSrY6gs9CgphR1K5F7OuuaYjGryP2uI6jHAH+4=","hGXS2mmWfRFRqNGOK6XvxOx+XZg7KBeMpjgn0zVlIDs=","0JdpiE1oPvxsQ0QL4V0OcCJDiGb0/WAREHmtZbgm1iY=","YjkjNNLreW75hXYSt/k9N5V/MypkQrsqdC9T2HQN6F4=","G+60BD8ppq3WOdy5TVOYNjEdLe2Q8iaRmvLVtmZjSr4=","xh+e6DcxhwClH0Ve4xykMFkscu3LO+HLkkhZMFSiVQs=","Ky5LBGUGmfcOEu4gZj7i25QDL0VRWYQWkU/t1fB55wo="],"block_size":4096,"path":"fonts/69e03e4b-d31e-4a31-b803-d31679c0e921-3.woff"},{"block_hashes":["kD1nSCvL3if9tRyDgZOHjmaZ5nrtKnlWGOVfhA3XQVk=","UyOuzQp/OWSaZZ7Wl9FF0/Exzh8tRmTAozC0sx7pgGg=","J1j+Ps4ogiZJGLO0WHM09UE8rUYAWlhWPejIi/BLu18=","9qhFX0BD9/57q+4gf6eqkzm7n7MBF1ESklWlX6sDOlY=","+2YwuapSBBXly646tYl9KLXr+1O4QRu+tyoCxKAOTKA=","i7C6Jme+iKe79fWTscUp2LsH1DvnZX0I4fMn6JBHfw4=","65oH03NynBiE6DMdA7zcZzkGv1vsUqCiNgNBtyIzeog=","WteuR4RBUQV0etbJA9leaBBG/9ZiwxHJS06lyLUmXFs=","86sNQBHcDrrssGR8ifEaHSnMutqg9b9SIJjd7iPXq1k=","GgXDDR5eq3UlyDXqhihjGW8mUlHiY8+ouW1gHz38D+s=","GpReiZGwKeA0tfp92ltY7llhxKTpQv9RE9ji7rLbixg=","iqLImKLu6YqyIZ3OPWMB3xTmUAR3i3WLrQr9zXYhW30=","jPU2YtCt83QSh8dzWJ/8NTci77dJy2oRU1/xZoS1G00=","WHEIKXGyh3coA+vHkNw2cptj0I3kZoUgiwx2hWMClEk=","6fgFy77aTn5pWv3MU4ot/kPCVYHnLZBs/IpFN66SbFA=","q3oblbqUgrKz9jfWn3SwMSBVp5ctdSHTU9krdNB8B5I=","fcBUwgBXVdS9kr/USvEoKjhEqI6Cgzpz7ncNMcHzhyo=","bF0hDtwuyS3oFDCW+vKaNA7ebUzSNGdvtxyMDjnAOjM=","5pAQueJ2SvjbhlQcEDEof+Xugejusx7HZC+s6JyJ8T0=","EfE+MslyfgyQ5H+Wwa18uOJ9/gqU90KfBafP91pUESo=","HDNIzI32ogQq+ogqiH8YUZm3u4Nr3n/uLxpLuWE5Kno=","KExUQdFoXdF2CyDMlGyVlIEngfC6UfWv/fDv0FD4vUc=","MaKxCz8H0s15kAnZjpMeigiIBkeBzDIExHrjXHG5Jgo=","GWsP3jVwvbOvPZpUF/5lp6pBLLpp/5B5c255lAEBqkg=","WVraPl3shq0h+BCUjAbsPUZ3zkdCkNfF+saHFg/IZ90=","H8/GPJhOMLbTBpgSHg0Q0NCR9Yj3+3GXWVnPd5pbL08=","oG/g4dVUsVVn1lwlBArS4HrJFj7Iyn6couBaJKb0eas="],"block_size":4096,"path":"fonts/69e03e4b-d31e-4a31-b803-d31679c0e921-4.svg"},{"block_hashes":["/pio9F36DTrjDtL97qkaq1B8ZkYM+Xb3XmsJM4/L3fY=","KzdmNbdilGoU7FDZABTyLd62ruvqC9GH/PefkHvEvsE=","LJbghXjCRb8z3wNVpPEv0qpjMbPDsD3cDNONeRZg5mY=","M1Xmytc+mra6MQjqkaeDIg92LoAHXFHH5EGCZiyJxks=","6fdPNTur4Ise4uzw4KrU2i368vhMSJkkqeC8IVrNm2w=","lqxcTxK9Wab8ujFhbVTDRmE7qhaAXtTI47tjqeZONHk=","GDjct1BkiPSadQeWzbeoNSZ1LA3SDHFTrwGRrdwiflQ=","RRY/1tzubsthbKolkYIPI/XYUY6HW/Qu7ONJvim3J+k=","Y4IkPIJGu9arFjkPjYNUdAfBBNUqjsucHPled3WZhiI=","GnESl9gaXNEYmhMnRwCdwtA0Vzrhat65q7BFl5P1Bgw="],"block_size":4096,"path":"fonts/license.txt"},{"block_hashes":["syWtvlBfxFUivQn3lgJsefN3tAj292f2PREwsFomTS8="],"block_size":4096,"path":"images/1/1.png"},{"block_hashes":["JcW+MNiZE3P7uNVNasYjmCkVit2V/+vu//cOdhbQHrA="],"block_size":4096,"path":"images/1/2.png"},{"block_hashes":["NOud5IY28fqnQmfBB33ODagule0T5XBrsiC2dhq1WnY="],"block_size":4096,"path":"images/1/3.png"},{"block_hashes":["syWtvlBfxFUivQn3lgJsefN3tAj292f2PREwsFomTS8="],"block_size":4096,"path":"images/1/4.png"},{"block_hashes":["rFznkjvmwNn+qVnwlQcjKaNgS5WFrcauniHOV7b2s/0="],"block_size":4096,"path":"images/1/5.png"},{"block_hashes":["ww4aQkMztdkl5C7y6ir6zcJrtC1F+RpVJrslfx12/Jo="],"block_size":4096,"path":"images/1/6.png"},{"block_hashes":["djhIQII8d9yg0/mHsF4gAyy6edF6fiNElUJD91Zph0c="],"block_size":4096,"path":"images/1/7.png"},{"block_hashes":["ELUgRrShJmstLzdF7nwwx7dG6rr/QbzPm26m5s3gvrA="],"block_size":4096,"path":"images/16.png"},{"block_hashes":["8AZhgnTZWDhuEimBTTGMqutUEhO6SMCJ2QFeKx3B5lA="],"block_size":4096,"path":"images/19.png"},{"block_hashes":["hTekLOM9A6a4eELRLanswIjc1BiUNG3rlnpXbR7+y2A="],"block_size":4096,"path":"images/2/1.png"},{"block_hashes":["2RQu+K8CUOQhslTBD2xg5q+iZnpkkJAfKVHlBqsRrXk="],"block_size":4096,"path":"images/2/2.png"},{"block_hashes":["eoGkFXOYYkPvsabIrYUuIrXvmSlajW2SLHcde6LwFeo="],"block_size":4096,"path":"images/2/3.png"},{"block_hashes":["hTekLOM9A6a4eELRLanswIjc1BiUNG3rlnpXbR7+y2A="],"block_size":4096,"path":"images/2/4.png"},{"block_hashes":["CNdk1/gouY16oDvpKHVEXk9DxEcnKUnY47AWwW4XLE0="],"block_size":4096,"path":"images/2/5.png"},{"block_hashes":["HzCiOFqDP8ddqecoDobNXcjV+ZdwCavkcbdN6jvIBK8="],"block_size":4096,"path":"images/2/6.png"},{"block_hashes":["CuuWe0cNcfABkNLMcOXSv1pzz982sR6zWMlceR8OXxU="],"block_size":4096,"path":"images/2/7.png"},{"block_hashes":["/0Yck4m5h0HKEV8kaxF/Y4DScUiL6Y58eyvSXZzJTWY="],"block_size":4096,"path":"images/3/1.png"},{"block_hashes":["vUbs0x5cFa/Jzteb6qJmpOm+ZKe1SRhdTPqlm+rdkNc="],"block_size":4096,"path":"images/3/2.png"},{"block_hashes":["IEmz7ehLiPSM5XQAaWV80QIeceCzZ10xOW4vAV97OB0="],"block_size":4096,"path":"images/3/3.png"},{"block_hashes":["/0Yck4m5h0HKEV8kaxF/Y4DScUiL6Y58eyvSXZzJTWY="],"block_size":4096,"path":"images/3/4.png"},{"block_hashes":["bdETytihMU0UkuQ9Y8K2npqoDj5UwcU2szW4mdcvePQ="],"block_size":4096,"path":"images/3/5.png"},{"block_hashes":["Kw6KK+PBqBllvT8cI7Rnqosl9qHQFYxXKkqG57f0ORY="],"block_size":4096,"path":"images/3/6.png"},{"block_hashes":["CuuWe0cNcfABkNLMcOXSv1pzz982sR6zWMlceR8OXxU="],"block_size":4096,"path":"images/3/7.png"},{"block_hashes":["JkV5gUs4QFH8726ZOfwRGwJkMBB374g4fZEAOogTKis="],"block_size":4096,"path":"images/32-placeholder.png"},{"block_hashes":["IQA6syh+ZpG1rU/m/G+/q7+3+WzbukiebF3GzHOVlmM="],"block_size":4096,"path":"images/32.png"},{"block_hashes":["rCF0DsoZLWT4VJ3YJam4hj3rSrF/pBxJWWNwNX8yl7Y="],"block_size":4096,"path":"images/4/1.png"},{"block_hashes":["NtkXZl5kqeS75Fjan2hMF9Oe9aRNeHv3nKhtaqsfNjo="],"block_size":4096,"path":"images/4/2.png"},{"block_hashes":["geaIIbByXhJNmVb/teu/gabyJhqRmMt8xjbJh3/MSCM="],"block_size":4096,"path":"images/4/3.png"},{"block_hashes":["rCF0DsoZLWT4VJ3YJam4hj3rSrF/pBxJWWNwNX8yl7Y="],"block_size":4096,"path":"images/4/4.png"},{"block_hashes":["XnI4WDkQY7+hHGXXRLF27xzb4d8BsLeRleScfk55R+8="],"block_size":4096,"path":"images/4/5.png"},{"block_hashes":["Kw6KK+PBqBllvT8cI7Rnqosl9qHQFYxXKkqG57f0ORY="],"block_size":4096,"path":"images/4/6.png"},{"block_hashes":["CuuWe0cNcfABkNLMcOXSv1pzz982sR6zWMlceR8OXxU="],"block_size":4096,"path":"images/4/7.png"},{"block_hashes":["vU2xpeD28VWlvvvpJcXZFbufItnsq1Ji5s/2tZWanMw="],"block_size":4096,"path":"images/5/1.png"},{"block_hashes":["h1oTR7uwnSLrW41b5NNXV+CpNLPkRJM+VTpQktz/Qe8="],"block_size":4096,"path":"images/5/2.png"},{"block_hashes":["Qvmosz2nDYngIJ3KaprgdfvvVGWG324EGqVN7ukZchI="],"block_size":4096,"path":"images/5/3.png"},{"block_hashes":["vU2xpeD28VWlvvvpJcXZFbufItnsq1Ji5s/2tZWanMw="],"block_size":4096,"path":"images/5/4.png"},{"block_hashes":["+OzudbU/kxLcPGfzTU37hJSROyviC+G6iZtl/WAvh84="],"block_size":4096,"path":"images/5/5.png"},{"block_hashes":["3y5HBbrPn15et979Uegjf7a6VJg8UAYHdxtAFq9OLw8="],"block_size":4096,"path":"images/5/6.png"},{"block_hashes":["CuuWe0cNcfABkNLMcOXSv1pzz982sR6zWMlceR8OXxU="],"block_size":4096,"path":"images/5/7.png"},{"block_hashes":["tM9gNvQcxqjB3y0rHjn6Crstxi0qjSOJgwOQf8/3KOI="],"block_size":4096,"path":"images/64.png"},{"block_hashes":["EHN3cSwb2eLx8pLAT2FQsiHkdoo5BzM+WfCfk6zYjtM="],"block_size":4096,"path":"images/advertising/1-deactivated-highlighted.png"},{"block_hashes":["k9TGOg50uFWgoXYv9yeBnPq2dlnUJveUWy1XYPm7Lts="],"block_size":4096,"path":"images/advertising/1-deactivated.png"},{"block_hashes":["iERhP4MuECvRp9Xy10mfM/9p6feK/Kzaqhf+oR22iMc="],"block_size":4096,"path":"images/advertising/1-highlighted.png"},{"block_hashes":["R9PWCRf3yN0O2mgOX+Y+MK91zPqYTANaDj+66SC0yq0="],"block_size":4096,"path":"images/advertising/1.png"},{"block_hashes":["l1Wcz2qsh0ailTIr/brrww5ZDPHj2k2E6Vw/K1FOpR8="],"block_size":4096,"path":"images/advertising/10-deactivated.png"},{"block_hashes":["yXDTmAnbGb+hFRp2s15q8a2Ziw3+SWQSvZCzcSDoObU="],"block_size":4096,"path":"images/advertising/10.png"},{"block_hashes":["2SHPx5niZr/S7XhDjrGDV96owWef9Na6nkra/F5xxUA="],"block_size":4096,"path":"images/advertising/11-deactivated.png"},{"block_hashes":["G6VAvpFfKpK6wjPrl1bSeNqn5GcneICdkI7DIQxoowk="],"block_size":4096,"path":"images/advertising/11.png"},{"block_hashes":["/+iWdjpjqYXQD9PC11f3OwpWePf8tx9GCPdK95EDwsA="],"block_size":4096,"path":"images/advertising/12-deactivated.png"},{"block_hashes":["Gl9Y1vOpi3h97BWRRxh4n1F+XxzsX3bRBkgvJjGUZVQ="],"block_size":4096,"path":"images/advertising/12.png"},{"block_hashes":["vFvTrZ+LO/un7muWnIetRrppVeLgXHFabC6qZRFQ7vU="],"block_size":4096,"path":"images/advertising/13-deactivated.png"},{"block_hashes":["GnLNoonanaFBJrwjY5aUQass7AsLEJaNTJZJcEEZwV4="],"block_size":4096,"path":"images/advertising/13.png"},{"block_hashes":["fVBRyabomZqXCNn76+TH1RS8sYq3ihResYOgSWb7HHo="],"block_size":4096,"path":"images/advertising/14-deactivated.png"},{"block_hashes":["diwnjxktWGcVBcEAIGFlpY9E967poCl4n4RFe6BGQ3M="],"block_size":4096,"path":"images/advertising/14.png"},{"block_hashes":["8yB8TTi3Kz7p+MHtrRAYlCQQj6pklpfEWsqekrdH16Q="],"block_size":4096,"path":"images/advertising/2-deactivated.png"},{"block_hashes":["ZJ8PR21IvG4BWlr4/zHY4oC5QRXo00usTLXMOTThkj4="],"block_size":4096,"path":"images/advertising/2.png"},{"block_hashes":["zScMvVlSoNiJJ3h39N8FyREQYD/Vg7TPdOlDwurBro0="],"block_size":4096,"path":"images/advertising/3-deactivated.png"},{"block_hashes":["CfXexF6Od4uY8GYWXhuXmH8ww0gfMCxDZXhyMzGqtoA="],"block_size":4096,"path":"images/advertising/3.png"},{"block_hashes":["0o5soBgIV9zxHin0gNmKBhMEga2C9xc3AC1oYqkjfgQ="],"block_size":4096,"path":"images/advertising/4-deactivated.png"},{"block_hashes":["oCeYpyQA4/e0pFjv/9t7OarYI09n61ov2zPg2yzo0H8="],"block_size":4096,"path":"images/advertising/4.png"},{"block_hashes":["CGt/nC4zhZmFrkCTDz4K1BT0NORAVEOw2lExxytr/HU="],"block_size":4096,"path":"images/advertising/5-deactivated.png"},{"block_hashes":["Amg8fSm9qDoi1CpIKPpznMi5KkUm+oLCXHFCjyGMP9Q="],"block_size":4096,"path":"images/advertising/5.png"},{"block_hashes":["zfDHBxC6ebm0ZRi+q76KcbJ/q3tlGB0SH6DiWJl04BU="],"block_size":4096,"path":"images/advertising/6-deactivated.png"},{"block_hashes":["LAFbI4C679nU4QBUjOJzKjLKNrS+4BaRm3UYyERUqd0="],"block_size":4096,"path":"images/advertising/6.png"},{"block_hashes":["yEHGi/qop1WnI53/BcPkdWAQwD90NQ4F9sp1HTfgvvQ="],"block_size":4096,"path":"images/advertising/7-deactivated.png"},{"block_hashes":["PRy5J5+Y9GcWMukixfpsUqZtFpO3MEdp3ovCY20XPzc="],"block_size":4096,"path":"images/advertising/7.png"},{"block_hashes":["Jhjjpy7yhHYm0hBmJdsb4JQt8FdMiUEMkGPYSXhnLQg="],"block_size":4096,"path":"images/advertising/8-deactivated.png"},{"block_hashes":["HuGGvvC0GN2DMrNMCxieegrtvplZXCCQPq8AKC1OgVc="],"block_size":4096,"path":"images/advertising/8.png"},{"block_hashes":["I6ZJkVKG4RDYyE3fo5sjNSYhkJuj9jPKLj4ODVinz9A="],"block_size":4096,"path":"images/advertising/9-deactivated.png"},{"block_hashes":["Oznt4/eMyZ4tHiC9Rhz6Oi6phh2MKq+6gulvN7V0FdI="],"block_size":4096,"path":"images/advertising/9.png"},{"block_hashes":["kNcrTPW5vq5RveQRkMtfJ4VnW20yjmn+CF/XjSTSJgE="],"block_size":4096,"path":"images/analytics/1-deactivated-highlighted.png"},{"block_hashes":["nB8Eef9RfCvjnRS6lw23dRRQhRgWNlKLaKn1GqhNLxQ="],"block_size":4096,"path":"images/analytics/1-deactivated.png"},{"block_hashes":["KEqrrQMnepDDlv2XFD+crY5cIaC4mDt61TLP7JCJSas="],"block_size":4096,"path":"images/analytics/1-highlighted.png"},{"block_hashes":["JbdfMHsxaAASxxNWjIj35SFINgmZJ+jEmHORyr/LDfo="],"block_size":4096,"path":"images/analytics/1.png"},{"block_hashes":["4z+vwdY17czT3yWhxavXpBLnJ0jX4iL1KhuBH1AMVK8="],"block_size":4096,"path":"images/analytics/10-deactivated.png"},{"block_hashes":["itstUI0RyqKm7XIW2ae4gU5HrkPknUxaNtwynqEaxns="],"block_size":4096,"path":"images/analytics/10.png"},{"block_hashes":["TlbqStmrnd8XSpo1Bq8ovrVlnuuoPB8GIYG7Z/tfG4k="],"block_size":4096,"path":"images/analytics/11-deactivated.png"},{"block_hashes":["7sUmoq5/egYo/raJND3QRb45x3O+nvqB8CJpf7PhYx4="],"block_size":4096,"path":"images/analytics/11.png"},{"block_hashes":["RK6eAWfKWyCsBPveFRo0i1X0LVLnlU4rs+AYm3VPa7g="],"block_size":4096,"path":"images/analytics/12-deactivated.png"},{"block_hashes":["wBTXeHs9Fo5RC9HTI7UWPqEYwuA5eNSuSlf+dUi/Fyk="],"block_size":4096,"path":"images/analytics/12.png"},{"block_hashes":["JHUh2VQBUiIKRyk0uvUnO/VcBGF+RoRzDt6wrbQ4N9A="],"block_size":4096,"path":"images/analytics/13-deactivated.png"},{"block_hashes":["oMK91iEjVu69YGWt5mlwcVkU+1/4ysUb5siv09HIqXw="],"block_size":4096,"path":"images/analytics/13.png"},{"block_hashes":["eM5XiG8yza27mcKKNLTQbIIW1QGU6zwgrLN0JXb14S0="],"block_size":4096,"path":"images/analytics/14-deactivated.png"},{"block_hashes":["zIiDtIea2/WXfaX0hEjftH9yAkO8s/Xmq/7ZdU9ZOUo="],"block_size":4096,"path":"images/analytics/14.png"},{"block_hashes":["jnO2BJwGMtCdfkA6usZsG9qi6QOwxv5OgzlXXCoq7W8="],"block_size":4096,"path":"images/analytics/2-deactivated.png"},{"block_hashes":["ajA1XB7VxeNSlrmUU7vTcq9gTp4hU5sRQ0v1XQNlQNU="],"block_size":4096,"path":"images/analytics/2.png"},{"block_hashes":["olKsoCTbg5lL6wnBWcMeUudSkQdr6ojarJ1bTYC+qVE="],"block_size":4096,"path":"images/analytics/3-deactivated.png"},{"block_hashes":["AgOyWDPMbz4AgCZKwQMp+JvfmLXFpbufkudnioc/LGs="],"block_size":4096,"path":"images/analytics/3.png"},{"block_hashes":["ojFiKaqvr40S0NF/NgkUl6BMy2O3dCc2lZGB9ZQDq7U="],"block_size":4096,"path":"images/analytics/4-deactivated.png"},{"block_hashes":["C7w4RC0URl44fGgxSQ+ZJXD3SzMbSjAQAasdV/GYV/s="],"block_size":4096,"path":"images/analytics/4.png"},{"block_hashes":["PsLLaH7l61HmgxcME3PPzxz4XE3juZV99BBqVe9+sWU="],"block_size":4096,"path":"images/analytics/5-deactivated.png"},{"block_hashes":["jS0sZDWO/IVRgLt8zWL/9pLwS+W/r55cotm/pVIAtxY="],"block_size":4096,"path":"images/analytics/5.png"},{"block_hashes":["6a9eQxgCHnUAuyknPo9gCYxW4wMcZWPM1jQ8mKI6YFo="],"block_size":4096,"path":"images/analytics/6-deactivated.png"},{"block_hashes":["4USK6n7JF7iJrkUyGcbrkMlOJjNjv4iCYgLx5+r0VGQ="],"block_size":4096,"path":"images/analytics/6.png"},{"block_hashes":["c0apxxwpu3DdmbJj2AGWtu0Tv8oydVJhj8IFRFzprD8="],"block_size":4096,"path":"images/analytics/7-deactivated.png"},{"block_hashes":["yP2v2UhN0iN7Kbsb3VW97p/XFzkGDNsY/P0Ufb0QbWU="],"block_size":4096,"path":"images/analytics/7.png"},{"block_hashes":["Jhjjpy7yhHYm0hBmJdsb4JQt8FdMiUEMkGPYSXhnLQg="],"block_size":4096,"path":"images/analytics/8-deactivated.png"},{"block_hashes":["HuGGvvC0GN2DMrNMCxieegrtvplZXCCQPq8AKC1OgVc="],"block_size":4096,"path":"images/analytics/8.png"},{"block_hashes":["rTY77E0iROqbouPSF2nmeVlFJQ8OygkC6TBEalmnXjE="],"block_size":4096,"path":"images/analytics/9-deactivated.png"},{"block_hashes":["UNJIWiDA3Ev+R48s6wSpQdl5Wgq4GHOb3ylS1knYziQ="],"block_size":4096,"path":"images/analytics/9.png"},{"block_hashes":["svymNzaPtVJ8XVK3bZwRnvAzAsuB1bWGi3OmGVs967c=","AcfIJe1wKVYZVrUBNsrDBkKmtEvLm+JaAGsBwCWRScE=","DzwMMeLXCqvk3lKKA+gBGCu2eL1I/Eup+MMMcmv4+jo=","8W391angx5WUsH6eseEcrNTZ2CJ1Jmzn2jMbJ02fd8U=","6MJgFfKBjQsDB3VEUmtfgu4c8jYU9Sgl5na9VR5meYM=","BaaWMNxmfqiJG1YYhiMdk34pwcIGL7s0rW9lEq7Pui4=","XhkBbpLt0IZ5DTUCel0ZLEl9MWtkfcDLW2oXBGIfkME=","cNrsmg34KPSK2E0JhkYiXGHZc/XfI0yQM5B+dNnbgKA=","QYOowhdi9ho7wNESS9ODkenuMjk6kDPxyrqjmsnR85E=","irhPXzvqGW+JuvmjhGe7fvLiC+LcRI8eSiPF2hnefGQ=","tNs2iEVndCHVGHGYSZMyVFgrEtmsY8MM8i03G9UbIao=","A0k6FS2ePydgsFtcPgOPyG4j0HA8SjJk66lphPUJ0DU=","JPx+ZuuQPCcEnbjtOzbyNfZyour+9zCBrw3GF7/ieYs="],"block_size":4096,"path":"images/categories.png"},{"block_hashes":["Y/IvXvxwjmQ2ZMQaC/V7X89EmoQdA0q7+KKspX95b48="],"block_size":4096,"path":"images/check.png"},{"block_hashes":["w8NnKziktWHN+m73jQzLvNY/aeGNuYHoZF+BMAzJdfI="],"block_size":4096,"path":"images/chrollusion/brandyourself.ico"},{"block_hashes":["nuGZxO8DOEjNW5X4GwlHYb4IWl1Uv+ZBLHXlvxpJWb8="],"block_size":4096,"path":"images/chrollusion/chrome.png"},{"block_hashes":["IIk3CgLSiVPSKgxE84N6mIGvHVUmG3J1lBic0/cYnD0="],"block_size":4096,"path":"images/chrollusion/close-hover.png"},{"block_hashes":["SX03dSfq0mrPQ2yzgpwOBM5rNgaTfNz4MCuGRDGK5wA="],"block_size":4096,"path":"images/chrollusion/close.png"},{"block_hashes":["VusfWcXjnSLc8O23ql+iM1l38VhSmDKg/lx70Mt6yu8=","3NAeClw9CcROAnYI0TIvhfgjoGkWBkFpTsjLcXP1PQU="],"block_size":4096,"path":"images/chrollusion/dashlane.ico"},{"block_hashes":["Apirlgoi0j1wSqg5PkHcP8g0UHgEwUmEBfCFO9cewj4="],"block_size":4096,"path":"images/chrollusion/favicon.png"},{"block_hashes":["rBLw1XOFtcecBmuxUGcST+SJ1gsRErB5IKXmBSCVEWE="],"block_size":4096,"path":"images/chrollusion/safari.png"},{"block_hashes":["7gbXTVVN5G3bIBbA1emtNzGLkIC4QiPhctJQ/Bw4mGA=","cRXK4y02Ar5oLiAuqWU+ASI3Gp84XI9SanuHKRjITqM=","s5QgIaDnp8ol0qYoxYEdVyBSiC1xvgQJPWNYa0IOnpg="],"block_size":4096,"path":"images/chrollusion/share.png"},{"block_hashes":["TyI3k0AaiU6zw0XbANQVKvOZJPiDGBv6zwZ08GoJPX8="],"block_size":4096,"path":"images/content/1-deactivated-highlighted.png"},{"block_hashes":["vPG0C6ZUKaGo389QmK7ZFWKzakjggokjSDgHcIkfe54="],"block_size":4096,"path":"images/content/1-deactivated.png"},{"block_hashes":["lICu7MqbDF4wwAfBgSTvrWQGstd5zO++HhiD+t+7pg8="],"block_size":4096,"path":"images/content/1-highlighted.png"},{"block_hashes":["UV38rlTHzOwZ2Aw1vcFnaRfnAv952elQcnFLJi6690M="],"block_size":4096,"path":"images/content/1.png"},{"block_hashes":["c8hy8xdWi4lABr7nc1hg85zyflchwwtpiG8ZtYLlqCM="],"block_size":4096,"path":"images/content/10-deactivated.png"},{"block_hashes":["yw8p0AWbY5NoAH+1kRA7ixO9HJt4bc4COp4hCNlwtB0="],"block_size":4096,"path":"images/content/10.png"},{"block_hashes":["y2jNTbX10IGPjN/BGerUnH21J0QrnE+tTKGwSamPE7s="],"block_size":4096,"path":"images/content/11-deactivated.png"},{"block_hashes":["8eXBiSUf0m6EzAIpr2JTg07npCqo5hHjlWzLxDQ3VdU="],"block_size":4096,"path":"images/content/11.png"},{"block_hashes":["4ulrAihbWd38YQSehBLWOVDSRXb/IkIIXH+s+iQ1omM="],"block_size":4096,"path":"images/content/12-deactivated.png"},{"block_hashes":["RLIUGqSEfHwPOZBQKpwcY/IWqowLQorfo8RmScGMyWU="],"block_size":4096,"path":"images/content/12.png"},{"block_hashes":["WCDEJWPI5PqnMFrD6kvvsmiBYbWQ3XgZaBcmw9jVwOo="],"block_size":4096,"path":"images/content/13-deactivated.png"},{"block_hashes":["AxIYDRI9WWTX5jJFPXQJO0nCH/JRjwSqHnlnh6rnY2U="],"block_size":4096,"path":"images/content/13.png"},{"block_hashes":["qeLaO3fWuOWDIiFS2Ti82JERY87gjUKqQBSZeIyvtvQ="],"block_size":4096,"path":"images/content/14-deactivated.png"},{"block_hashes":["VEhFeYJMcOGFkeJE4M01Cx5Bif6ylO2b4rT7xkBlDVE="],"block_size":4096,"path":"images/content/14.png"},{"block_hashes":["6yFORRGVYnAtC+03aoZKqWW9erGd6iimKwaI8Sf6yNU="],"block_size":4096,"path":"images/content/2-deactivated.png"},{"block_hashes":["BLhh7jtyv77/tzDdff6T2/qqUg/BJZhTLvs6n7gOpoM="],"block_size":4096,"path":"images/content/2.png"},{"block_hashes":["T1am/Ayf0o++CUrUtQKMpo8YeTuCk6zUXAxwDvvtR9c="],"block_size":4096,"path":"images/content/3-deactivated.png"},{"block_hashes":["DoeAbjyXFiH4luoy6mVGaz9Tzbfni/VOJe+TulaaC64="],"block_size":4096,"path":"images/content/3.png"},{"block_hashes":["pUH4L3tFblp61ZknwF2jCKdANCBFXeYb4Eo5AnZI0ZI="],"block_size":4096,"path":"images/content/4-deactivated.png"},{"block_hashes":["1ZjtiUhS1+zQmJZqrP5/gBi1YmKIdWziKw70F7HtxAU="],"block_size":4096,"path":"images/content/4.png"},{"block_hashes":["4kol5nN5qJefiN3KSR+oysiXhVLi9ICtb90mneK5St0="],"block_size":4096,"path":"images/content/5-deactivated.png"},{"block_hashes":["VpUTYe5RbObgvcG7YCGToQXkdW1fm+Uchbe0whbz+dM="],"block_size":4096,"path":"images/content/5.png"},{"block_hashes":["PZiBE1n3ccPsUK3wz4Lm2S0yTSG2jmMzr3oOpRtaut4="],"block_size":4096,"path":"images/content/6-deactivated.png"},{"block_hashes":["yrp20NmyTMLjJISBqypp6T6U62vhvEQJHvx/VLakGOg="],"block_size":4096,"path":"images/content/6.png"},{"block_hashes":["hqqE67mOkuW1yuG3ulNUlcpRNgpkv3xAiupRTC+GfNM="],"block_size":4096,"path":"images/content/7-deactivated.png"},{"block_hashes":["2G9AwhLaXu3+qCs2ns74JjNynxXJAuZUEa14UzD2TTA="],"block_size":4096,"path":"images/content/7.png"},{"block_hashes":["Jhjjpy7yhHYm0hBmJdsb4JQt8FdMiUEMkGPYSXhnLQg="],"block_size":4096,"path":"images/content/8-deactivated.png"},{"block_hashes":["HuGGvvC0GN2DMrNMCxieegrtvplZXCCQPq8AKC1OgVc="],"block_size":4096,"path":"images/content/8.png"},{"block_hashes":["z+/QutyGlvFiywhq9wmKz+Xt/yQg218T/N/w4Ttq89Y="],"block_size":4096,"path":"images/content/9-deactivated.png"},{"block_hashes":["kmMvx/g/72Bx3m5Ey4Qi/S/iFe461cDU8tDYiAlP94k="],"block_size":4096,"path":"images/content/9.png"},{"block_hashes":["0leh9EzfhOJ7fAsoM121KCuDxbCC8aZ7WZQr7OV1tWE="],"block_size":4096,"path":"images/d.png"},{"block_hashes":["DPEiRXti/nRetMjoPNBoL3W6XxE6CLjmwOT2WN+dGMs=","DDbqvySSQHQm3UUBewxsD3+0kdnPWgFJJrCno47YLt0="],"block_size":4096,"path":"images/dashboard.png"},{"block_hashes":["H52ezpUZCmOdW+ZJIw224ZWyV7LbO1wHXkYtXVdTuuE="],"block_size":4096,"path":"images/disconnect-highlighted.png"},{"block_hashes":["NEsvOUb1jzQsQByg+QrcAeoexGh5qUV5kMVIMnIN90Q="],"block_size":4096,"path":"images/disconnect.png"},{"block_hashes":["x90tf/8URJ0PIe+QSUZeXsb/yyrnbRo28Z7glWKKc3Q=","hp1LFRpLtSRnN4b2RSZR5k1S6DrlYDRt8EH27aFLesQ="],"block_size":4096,"path":"images/expand-highlighted.png"},{"block_hashes":["HY977+J0lN1DUSAWB6U1+mtjF7nbwy/0Id5cLSELGnU=","E3dlX9NrDC/HXLMpmt41RHl6yg/8Wne12O4p/ZcYQ0k="],"block_size":4096,"path":"images/expand.png"},{"block_hashes":["pUg9qAzIunAx/UGVVZutCvb8RNn7OkWTuzNNvQO/R3E="],"block_size":4096,"path":"images/expand/1-highlighted.png"},{"block_hashes":["iRbY8cONrlWRfVHJDp9r7knBhjd04xaWniP94PgMxcQ="],"block_size":4096,"path":"images/expand/1.png"},{"block_hashes":["QkkYWfMC5NWpz9ErFJSyr5zV56kjj/JoLUJFQcRdaFo="],"block_size":4096,"path":"images/expand/10-highlighted.png"},{"block_hashes":["b9FGCWJfCSrlbw3qUTrnj0dw+zQ0JxryzbZwS1C7df0="],"block_size":4096,"path":"images/expand/10.png"},{"block_hashes":["x3UGnShwIrKg3kdlLeiwpCR5wh+6RU+KLQnUj2iHW1k="],"block_size":4096,"path":"images/expand/11-highlighted.png"},{"block_hashes":["VSD2svqv0vr5TIANKvOG8nQVCfxilkU3gSilqQS/fDE="],"block_size":4096,"path":"images/expand/11.png"},{"block_hashes":["3Iu5PNS1EI6IIw/xcYKPdQ822UcgUxisQXDdjJNMWvA="],"block_size":4096,"path":"images/expand/2-highlighted.png"},{"block_hashes":["6dw9BayvxkycDkSKRmDpzP10ZdrEUc1CfVwXIUpMMx0="],"block_size":4096,"path":"images/expand/2.png"},{"block_hashes":["wdtBfVorebaFU4wz51AHpM82Y2J8TQQuuFEVatseQb8="],"block_size":4096,"path":"images/expand/3-highlighted.png"},{"block_hashes":["qluNmnjcGeYeKhUKoMfAwWq558u3FYRG27aRmox1ot8="],"block_size":4096,"path":"images/expand/3.png"},{"block_hashes":["sUDe9Hw49dMXphuOHY143E3SJo3LE61OOdZvGZxJoOI="],"block_size":4096,"path":"images/expand/4-highlighted.png"},{"block_hashes":["xqqyx82Y89ImvVzH+hu0GU1SdN/RaTy7KV0Z7rs5FvQ="],"block_size":4096,"path":"images/expand/4.png"},{"block_hashes":["CPDDGQUg6zshyl39e7nqFBuGssVvPUJa/YG9/ZSfcSc="],"block_size":4096,"path":"images/expand/5-highlighted.png"},{"block_hashes":["tkFfRK04ONoicF+59QV6Rq3RUoRiPNmn+4zNdhLsv9g="],"block_size":4096,"path":"images/expand/5.png"},{"block_hashes":["3XhaXLql4+D7drIzZmyGyFqzqIRjn1mKfO4N2ArhtD8="],"block_size":4096,"path":"images/expand/6-highlighted.png"},{"block_hashes":["mTOIuybSfBevbr5G5y/QH7bqgTYpdXRHOnHzB9estn0="],"block_size":4096,"path":"images/expand/6.png"},{"block_hashes":["Q1KkhUdcbDvM6O5wdlVtR+E+QZjR08CkfGYXYoIEAG8="],"block_size":4096,"path":"images/expand/7-highlighted.png"},{"block_hashes":["lmw9q2mD8Sil3YAbnY2WLoXfvHej3VrhXaGbyFf6BaU="],"block_size":4096,"path":"images/expand/7.png"},{"block_hashes":["KZearM6hqLHHLH+Orcbzm69R1nPIdg7eb0+rIBMAvmw="],"block_size":4096,"path":"images/expand/8-highlighted.png"},{"block_hashes":["xxn2dFWDFqoON1LelmSWIQxswZ1/8arSHitWfhly2dg="],"block_size":4096,"path":"images/expand/8.png"},{"block_hashes":["K7G8BPMwmcs1HD98owNkOyxtcXxJS0AA2e+gF0Tfvfs="],"block_size":4096,"path":"images/expand/9-highlighted.png"},{"block_hashes":["BZS8Z4RpRvTLGMPqMmGa1YzPQIuzINB8uNaQTFAf6WA="],"block_size":4096,"path":"images/expand/9.png"},{"block_hashes":["WJMJNBMnVSNc5qYnpXwkydl54P9v5LdH5IL8nzzlhJc="],"block_size":4096,"path":"images/facebook-highlighted.png"},{"block_hashes":["eFPCibJ3tOpqVoORFcXlSLjgmFJo7hXuHQ/fitJzF/c="],"block_size":4096,"path":"images/facebook.png"},{"block_hashes":["zoYYSnr2l2FoQsVSJpXXCC9RnB48PgsJ4Prdx5c2gAc="],"block_size":4096,"path":"images/facebook/1-deactivated-highlighted.png"},{"block_hashes":["Vh555LhddMt3EDzvadhxiBBPgXxL5CXYy4Z3wnE+V/E="],"block_size":4096,"path":"images/facebook/1-deactivated.png"},{"block_hashes":["uIFHM3vf8u/wLsdBZzXDNBA33HeeDE1viJxPfyoGriA="],"block_size":4096,"path":"images/facebook/1-highlighted.png"},{"block_hashes":["CraBimtQttUYLmGNP0OruOnZFHGfqdxgIIt1tD6dOtU="],"block_size":4096,"path":"images/facebook/1.png"},{"block_hashes":["x/nwWMkhUQ+95qT6cL8XEb6dq+qdcHhNDEpGMF3f1Z0="],"block_size":4096,"path":"images/facebook/10-deactivated.png"},{"block_hashes":["U3aKaSWeiyb8w2mthQ+OvhncWyF9u0DkFuedzkOiPQo="],"block_size":4096,"path":"images/facebook/10.png"},{"block_hashes":["zIxYFukeVcv6AxTwIQilpKWbNBE6KmRHfJMsevpR84g="],"block_size":4096,"path":"images/facebook/11-deactivated.png"},{"block_hashes":["Hmvp+UpIdn1XZz1t8J683v5iLmJlI8pnudSVYedlcpY="],"block_size":4096,"path":"images/facebook/11.png"},{"block_hashes":["P3kWsal/R2NyIjVhVW5kJot05s/mOjgWkpiBnJNxfdA="],"block_size":4096,"path":"images/facebook/12-deactivated.png"},{"block_hashes":["1dmVCygCfTqfB8VQXf4s8fPj6c75cmzwm4oE7dCDXvQ="],"block_size":4096,"path":"images/facebook/12.png"},{"block_hashes":["z+oj0aKyhsNlMBcvpI1Jg58IW6/pLHsyWVCFwoyWobE="],"block_size":4096,"path":"images/facebook/13-deactivated.png"},{"block_hashes":["rnwFDk43QFJexHkADO1CsD1mTviMIbKt/vCFKNVn42U="],"block_size":4096,"path":"images/facebook/13.png"},{"block_hashes":["Qr3qDtKsg/iO7tSl5XK2nMsFgckshQgiQtgRAZHyAto="],"block_size":4096,"path":"images/facebook/14-deactivated.png"},{"block_hashes":["fbHsK4GTcfjBrurWaEoH+k2layAkF11Yn01RobNhPIM="],"block_size":4096,"path":"images/facebook/14.png"},{"block_hashes":["ZfpPkjz4b6iyzAEpw+V9OaKcL8Nc3IZkrggztkg7A2E="],"block_size":4096,"path":"images/facebook/2-deactivated.png"},{"block_hashes":["sbnjS4KnVblNB8EcJEBMTrILI8XzxlJWFI2It86oyQw="],"block_size":4096,"path":"images/facebook/2.png"},{"block_hashes":["fHOR9HCKoOUtIz+7M31jGfyh+U7KNYptMYu/FpP5jJE="],"block_size":4096,"path":"images/facebook/3-deactivated.png"},{"block_hashes":["WmkmkKlbGKfqu5cURzLtIzZv2SR+HiDn9pymysLyOsQ="],"block_size":4096,"path":"images/facebook/3.png"},{"block_hashes":["ZiRdPhZYVsZDlLVUVCz2IyZXHjwx9VxnoG7kZptocFo="],"block_size":4096,"path":"images/facebook/4-deactivated.png"},{"block_hashes":["NNUv7EsHz14L1NWj8Apvt6z8lQYogXk6xi1sTNi0kmo="],"block_size":4096,"path":"images/facebook/4.png"},{"block_hashes":["Gj7cIhcc5ETz429r82WbJst2f8OSNujG5lnWzu1qS88="],"block_size":4096,"path":"images/facebook/5-deactivated.png"},{"block_hashes":["F0aNBlgsD8i9nCnd+lAzwEkNKS1BFF3TrFAFuNGX8u8="],"block_size":4096,"path":"images/facebook/5.png"},{"block_hashes":["v8FTVRAOFmIKokzx999YmIoAlVDMbpGtVLJMK87r18s="],"block_size":4096,"path":"images/facebook/6-deactivated.png"},{"block_hashes":["e84aL8SK1Sr4pLnudN8x2eh4PFEietXAJyTtL8Mz04E="],"block_size":4096,"path":"images/facebook/6.png"},{"block_hashes":["GARhtgGEkAoFOdlwy664yD8+LYWtZwFsLHWp/xpO5RQ="],"block_size":4096,"path":"images/facebook/7-deactivated.png"},{"block_hashes":["1Z/2t7oqtp+idc9gRdPfkt0X/XMlQZgxhiQ9s6+CzCw="],"block_size":4096,"path":"images/facebook/7.png"},{"block_hashes":["U1YHattSTLj0lhZwEruD7naHEO/9XF1EQfxOfgHY8hM="],"block_size":4096,"path":"images/facebook/8-deactivated.png"},{"block_hashes":["EfnwCDP56TwOI3aae6B0fzzcZzZR4NB6IXNLjwNAXV4="],"block_size":4096,"path":"images/facebook/8.png"},{"block_hashes":["/CmSVCPeowppf6q/nibjjOK7r1F6Ok5mmiTXgfc1xls="],"block_size":4096,"path":"images/facebook/9-deactivated.png"},{"block_hashes":["xLckwfR9jluechZjSMOt2JuBbV3R+a4e6UQQ0TqhbL4="],"block_size":4096,"path":"images/facebook/9.png"},{"block_hashes":["e7L5EgwiAX9Fd7jMb437krbSlB6nkcMdFunoISeby1o="],"block_size":4096,"path":"images/google/1-deactivated-highlighted.png"},{"block_hashes":["8qFTpaEQcf8y9x0rgwgu9IhgsrPIYWw2B/vPMulRJOo="],"block_size":4096,"path":"images/google/1-deactivated.png"},{"block_hashes":["YwLAzRl7ujVylF2u8J23BuqxNmbY44z+iwEkUBOVGek="],"block_size":4096,"path":"images/google/1-highlighted.png"},{"block_hashes":["SrjpKuZrTE+mQiaSLjTZ7WtObj3SKkYSUS9WIQqp/gE="],"block_size":4096,"path":"images/google/1.png"},{"block_hashes":["P/q93Ua3ZFlpJSaKWvTVjGYTd8HsMo8EN2qvNJnClHw="],"block_size":4096,"path":"images/google/10-deactivated.png"},{"block_hashes":["A7mJ2wbfKRyeLc7F23CcwJPdvM4vEd5Z6Injukv9iwk="],"block_size":4096,"path":"images/google/10.png"},{"block_hashes":["hr7KM45NyTbtk7DvlrnolyhKfXsSA93NVequbsk+Oas="],"block_size":4096,"path":"images/google/11-deactivated.png"},{"block_hashes":["d/TOtDGYoOLQ/M09u7ETa3lkSa/pX9ttXdDTt8bv62s="],"block_size":4096,"path":"images/google/11.png"},{"block_hashes":["ih7QBy3pZE1y39FladvcXanUZJMuvzydTJImpc80zHE="],"block_size":4096,"path":"images/google/12-deactivated.png"},{"block_hashes":["M95IGbxbdwoCa0bxiP/hxBCTUxvE5gnimiCkl47olYQ="],"block_size":4096,"path":"images/google/12.png"},{"block_hashes":["yE9msUdjgAz/qKCcm1VYxZLfxM1BTXMUT7/EESH8EHE="],"block_size":4096,"path":"images/google/13-deactivated.png"},{"block_hashes":["lWawzHKQU/PtVkG0XySZ1/zwerITU4srPYLj70cUXOI="],"block_size":4096,"path":"images/google/13.png"},{"block_hashes":["H6e2KItUOeBo4sfv9bzc1nQi/HGTN50z17Qt5G4nKVc="],"block_size":4096,"path":"images/google/14-deactivated.png"},{"block_hashes":["JceImsfQTLK+1oFn2YvHrEtULVwXpyhWgvyAsp4aoBE="],"block_size":4096,"path":"images/google/14.png"},{"block_hashes":["EuF9SOX9kYkX7rqCXbdC58neXymPoPFN+tfBJ+LBVhQ="],"block_size":4096,"path":"images/google/2-deactivated.png"},{"block_hashes":["nl7Y/+zyIhG8/twPkEofdNG+DKdHG0ebSp+fdL+54Zc="],"block_size":4096,"path":"images/google/2.png"},{"block_hashes":["M9qf4p5QVqXIwKskekndXd2GQLuMlMov9ioMAcZGc78="],"block_size":4096,"path":"images/google/3-deactivated.png"},{"block_hashes":["z5JF+lFv99MnHlHpS0j5Ql1dVLyT2n5bV3J1rBN5Sdk="],"block_size":4096,"path":"images/google/3.png"},{"block_hashes":["okYYktNaWaICjQqIZHnuVqvGW9EpbiW7RnmFIerFt8I="],"block_size":4096,"path":"images/google/4-deactivated.png"},{"block_hashes":["2Gv7joSizJRdaZEKvJgrM/qQfa52DFYFu/+GBNViatY="],"block_size":4096,"path":"images/google/4.png"},{"block_hashes":["AGSWjKFlzr3qjy4u7Mlnzq7Tt2wYMa1ZRbV8sgJ6/sE="],"block_size":4096,"path":"images/google/5-deactivated.png"},{"block_hashes":["Ycgc2CHUJ4bKjTjlh9Lf/ZrPIP9p4q/zK8OT9EQ53gg="],"block_size":4096,"path":"images/google/5.png"},{"block_hashes":["bfoWLr5jX68YTo8mCNHGioTpZXhZLcxYAwrZ11F5t34="],"block_size":4096,"path":"images/google/6-deactivated.png"},{"block_hashes":["OncQY871l/NRPCuzvwaMWTST7buxRX8sL3UArv5vaM4="],"block_size":4096,"path":"images/google/6.png"},{"block_hashes":["q7Vq5FaUWJbFT/Te7yR6ARCwk0t3uK3sneeqWh9jasg="],"block_size":4096,"path":"images/google/7-deactivated.png"},{"block_hashes":["1xpv4UXmbX8JmeyMWVnMr1/erMOLcIUB4DGOn9NjCNs="],"block_size":4096,"path":"images/google/7.png"},{"block_hashes":["U1YHattSTLj0lhZwEruD7naHEO/9XF1EQfxOfgHY8hM="],"block_size":4096,"path":"images/google/8-deactivated.png"},{"block_hashes":["EfnwCDP56TwOI3aae6B0fzzcZzZR4NB6IXNLjwNAXV4="],"block_size":4096,"path":"images/google/8.png"},{"block_hashes":["sMQwTTwrMhIpIbNPdbXJQNcfVba7Uf6AoObCA3rIJwg="],"block_size":4096,"path":"images/google/9-deactivated.png"},{"block_hashes":["CjhfpROa+BrEtNXfFwG8ckqQDq1Y+JJkliJgo14GZpY="],"block_size":4096,"path":"images/google/9.png"},{"block_hashes":["5Qor7xXNpzgPj43/5dDyWy31mC+bINc5SChewDyJspk="],"block_size":4096,"path":"images/heart.png"},{"block_hashes":["4eE5TUty6ttaBA5f5lQbKan0jxPRvdZ3AL2ei2IzHzs="],"block_size":4096,"path":"images/legacy/19.png"},{"block_hashes":["O7b37JvRsK4nRSDDb50zJx5ACiAS00LEUQXhHYumwdQ="],"block_size":4096,"path":"images/legacy/32.png"},{"block_hashes":["v7c4u+bLa4CwTe3GAw4/Ttuu0b4HIAmmmIHbTylqWHE="],"block_size":4096,"path":"images/legacy/facebook-activated.png"},{"block_hashes":["gA4IXjmatQKmrK1nCgkqrRfWc9fQIETja3tClQfPC0E="],"block_size":4096,"path":"images/legacy/facebook-deactivated.png"},{"block_hashes":["LK3ZJwXdLldUFGm/IB2UljCV4jpL3ugVkbT1gaLOvuY="],"block_size":4096,"path":"images/legacy/google-activated.png"},{"block_hashes":["EG5Rxp0oXpoHk/qUGC+/sl5SUqlf9RW0Wz6kTESxCz0="],"block_size":4096,"path":"images/legacy/google-deactivated.png"},{"block_hashes":["Qllaqn9eAgn9moAdxkI7+4B03vYWpeP2uIbuQkEnp2o="],"block_size":4096,"path":"images/legacy/linkedin-activated.png"},{"block_hashes":["UJ27JVg56h5dVA0tFf4DEjMNOjyAPiTnss7Za2PBhXQ="],"block_size":4096,"path":"images/legacy/linkedin-deactivated.png"},{"block_hashes":["6kJQV1HGsNJum1YG3F5P9160OJhCmjt5E3iACNpBqSA="],"block_size":4096,"path":"images/legacy/twitter-activated.png"},{"block_hashes":["rkwMDDGpE8nk/55xoDyGA4OH/I1rOQ0PVEPhahOWwmk="],"block_size":4096,"path":"images/legacy/twitter-deactivated.png"},{"block_hashes":["ficZQ74uGfuAoYBJlUzvQiKj2E8ky89xE3Z4MvuLYks="],"block_size":4096,"path":"images/legacy/yahoo-activated.png"},{"block_hashes":["8LU60Q+nr5sxsZmea8QmyTS5PO4KlvJ150x+Lcpa460="],"block_size":4096,"path":"images/legacy/yahoo-deactivated.png"},{"block_hashes":["z8fAq9uPRWy1efuGt/pITfm718WJjb3Mz99XCtmUcao="],"block_size":4096,"path":"images/list/1.png"},{"block_hashes":["fVSEanPZ8tzwkeNEkDB33uhnj0eJA3znWVHX4JA8bzE="],"block_size":4096,"path":"images/list/10.png"},{"block_hashes":["x7SJ0MkaOOPLHwlGK5XSmYPT8mg29orD4R7+d4ReLP8="],"block_size":4096,"path":"images/list/11.png"},{"block_hashes":["zeRkzQ4PPa7D4Uh/DpYNUx3/yZvL8Uwe9Gq8RO++MJ8="],"block_size":4096,"path":"images/list/12.png"},{"block_hashes":["Sopn67JVComl9WPVx7AGt9nzYkct0GdVjqDRWYaiKd4="],"block_size":4096,"path":"images/list/13.png"},{"block_hashes":["lKjrwBs4jvl2NMCo5l3SrkLy0G/bLtrq3pbhhAvbItE="],"block_size":4096,"path":"images/list/14.png"},{"block_hashes":["qUXLRlba63OhczfANurbzADzeBIWZxljeW9GvhXZ2EY="],"block_size":4096,"path":"images/list/15.png"},{"block_hashes":["d6Dyvf5/7hHFA+shY1oluOAn39QmCXXYq9+azp+yhCU="],"block_size":4096,"path":"images/list/16.png"},{"block_hashes":["t5KE1LNcyXv2doIUDTE8zTi8BM0erRcRBRE7G3NQpn0="],"block_size":4096,"path":"images/list/17.png"},{"block_hashes":["SFtbS8doYi4prCa+vMMJzUwg0H6wC1gGWMIOr7gLoGo="],"block_size":4096,"path":"images/list/18.png"},{"block_hashes":["z8fAq9uPRWy1efuGt/pITfm718WJjb3Mz99XCtmUcao="],"block_size":4096,"path":"images/list/19.png"},{"block_hashes":["d0M0uEzLIEWORQ9itfqP7SnfIvy4FbVpcoemeTV0mZY="],"block_size":4096,"path":"images/list/2.png"},{"block_hashes":["VyJhCyql6FccgyShfHUcVmaobE8RlH9ihtxOid9SXNg="],"block_size":4096,"path":"images/list/20.png"},{"block_hashes":["63SKHlOOKpCio2hioR6/Bleo947YhSdyd5dY8NnEhWA="],"block_size":4096,"path":"images/list/3.png"},{"block_hashes":["plAvkChsB2wDUNEwLOV5qh1FyWiT9O5jR7QmW1iMveY="],"block_size":4096,"path":"images/list/4.png"},{"block_hashes":["81mgccOGz0ykwjWYK09+qwt54+qyjm1HylCXlDYVB7U="],"block_size":4096,"path":"images/list/5.png"},{"block_hashes":["KJ9cLOtWfuLDUrJkrf6+I8lbKAWqiFSueUKpcopmIT8="],"block_size":4096,"path":"images/list/6.png"},{"block_hashes":["mih3EK3qSH5Hr4I45IBOA+l9LbPEBTWOzfo4oc/BpFA="],"block_size":4096,"path":"images/list/7.png"},{"block_hashes":["Lum7pee7xBJ75UKHEhLMsAtEEVhyiWrx5aO+DY13Qyk="],"block_size":4096,"path":"images/list/8.png"},{"block_hashes":["iAFdTdA5oMAiMZIZK9tGlJvH30WCJnzEQepny6UlGBM="],"block_size":4096,"path":"images/list/9.png"},{"block_hashes":["SCbq7FkwmM6IEUMI3/FCyS5BtTy1dudrsrY2MVzqSCI=","qzE2XRdzR9Z7NXiyYAY/MxzjV09OtPgptfNShiS1OgY=","2UbyRsQOBCHNTVlWtFWR3NtVIg15qPAH3AnIk3vLYls=","PNhFT/yweesgSJC+xRlT6qrGKeNweJxGMTIloG+hZe8=","Mf/VViiDWHZZcSWAaKcDwU4klTEevbN4o+0XIBRwo4A=","G2Z5lZZVKHvVIFyikkVg09Vf/k46c4xyCkDixzHM8JE=","18NX4lhNhhQwjvXT/TErkJL1q7kLenCVvxwvOFrkh4s=","6kMd+/cUw+r0gjK0HM4QNS65CYuieWW2+iIs4zX9RGs="],"block_size":4096,"path":"images/shortcuts.png"},{"block_hashes":["Bbf0BjGepEhWoHIKjq7QTttGK5dkPDNXTqmzJ1V8iSY="],"block_size":4096,"path":"images/social/1-deactivated-highlighted.png"},{"block_hashes":["zhWdALgof6VXjI2UHnzWfIVsfVlsYGlLzoOUGO92Qx0="],"block_size":4096,"path":"images/social/1-deactivated.png"},{"block_hashes":["p47N2iT578Dbj3pxnUsTXlGVhy6BFJf0ofe1QBBazwQ="],"block_size":4096,"path":"images/social/1-highlighted.png"},{"block_hashes":["AR+1R9y7Q1O2UilfzpcqW0oTqvOJWULM16M65YfwkqQ="],"block_size":4096,"path":"images/social/1.png"},{"block_hashes":["rFc8E/+M3sJT84+IGCQXoHwqH7FHZw398v/HsPTG4xs="],"block_size":4096,"path":"images/social/10-deactivated.png"},{"block_hashes":["RtZiG6oAqPEdnGQjitSOEcRoo8bC/rK3k8F1rjlNKuQ="],"block_size":4096,"path":"images/social/10.png"},{"block_hashes":["F0q6Ikml/NFEwigZ8pa4yrekgMJ+fMfl+dTIRcZms/s="],"block_size":4096,"path":"images/social/11-deactivated.png"},{"block_hashes":["rN917l/CDmHvhs71gzAYN0WAIsNakMnD7ZjJA7x31FE="],"block_size":4096,"path":"images/social/11.png"},{"block_hashes":["4aLbwAww1Ii830gi8Hv6xx1mojrXwItrb4EAoWCOc+g="],"block_size":4096,"path":"images/social/12-deactivated.png"},{"block_hashes":["B2FJ2If7YvJSc44fK52m+MgOieeHXNZnF7nSV3ApMn8="],"block_size":4096,"path":"images/social/12.png"},{"block_hashes":["PEUNGXPHKpqTEHJzH4QlsvSvtkXyGf1UzfhCemFQkQI="],"block_size":4096,"path":"images/social/13-deactivated.png"},{"block_hashes":["MbzI7MD6wXDSDzy/HMCcQsMD32kiqaNJ4F2P0jzXHcY="],"block_size":4096,"path":"images/social/13.png"},{"block_hashes":["LXl9/8OhDbeX85e/2vWft8zErZywG+pWsuxA7SuhqMg="],"block_size":4096,"path":"images/social/14-deactivated.png"},{"block_hashes":["Kbx2s0fKYFXEvkARS3keDeI/3u82XnJaz7xfPE4ZuuU="],"block_size":4096,"path":"images/social/14.png"},{"block_hashes":["Dn+x6v+X5K6MtZ0OZ7GADZ5Tgf++DAPQyPwLIqO4FoQ="],"block_size":4096,"path":"images/social/2-deactivated.png"},{"block_hashes":["9lmM4IRsDlVTuisejX6Q/g//qZwl23RZroFwvZB2ttA="],"block_size":4096,"path":"images/social/2.png"},{"block_hashes":["lFZWz7zPGQxU/iPVt2TJByFm/xcJ0pYs8gKCy1RrCWk="],"block_size":4096,"path":"images/social/3-deactivated.png"},{"block_hashes":["Na4Ira2jZXJJdp9y+1easzy2HdqZ3SXDft95lCv/tsM="],"block_size":4096,"path":"images/social/3.png"},{"block_hashes":["FG4PqXboQzuWBlV3Vw5P9dN7hAiDhsPKSxFoev3SpLg="],"block_size":4096,"path":"images/social/4-deactivated.png"},{"block_hashes":["urQzeTsmc8WSIl/koLsgFnHMTThaiHPP4uVHFESgmWY="],"block_size":4096,"path":"images/social/4.png"},{"block_hashes":["yEFGq5AWHJz9AYvNAJI43qEgTAjM6s6qFkpG6uoetrw="],"block_size":4096,"path":"images/social/5-deactivated.png"},{"block_hashes":["ilkEXFL5x3cvbL+HLIHsIl541fJ1BK1ZPgYA3wjv77s="],"block_size":4096,"path":"images/social/5.png"},{"block_hashes":["tAN0WdYw+2Oi1MtMlKjLNDDy400WBcsAU9NgyxjkHWU="],"block_size":4096,"path":"images/social/6-deactivated.png"},{"block_hashes":["/fYRIQyglzn2klM7qi0gx2bsusGP0nWJRcnnzlxMesU="],"block_size":4096,"path":"images/social/6.png"},{"block_hashes":["Gcu6oN4dmJHACTJFd6DyfJfceWsPgyhJHf06Wf+EPQY="],"block_size":4096,"path":"images/social/7-deactivated.png"},{"block_hashes":["I5t+XIHFY3yut59oQUQli4i1RlPGzvsPbV4lYXYnCDU="],"block_size":4096,"path":"images/social/7.png"},{"block_hashes":["Jhjjpy7yhHYm0hBmJdsb4JQt8FdMiUEMkGPYSXhnLQg="],"block_size":4096,"path":"images/social/8-deactivated.png"},{"block_hashes":["HuGGvvC0GN2DMrNMCxieegrtvplZXCCQPq8AKC1OgVc="],"block_size":4096,"path":"images/social/8.png"},{"block_hashes":["XJwSdhWQbn6y6ExaRyg8MeuCeKsC+WEsh4hrC10ttK4="],"block_size":4096,"path":"images/social/9-deactivated.png"},{"block_hashes":["spX1UWg5jq8zT83e/BhECKD21R5zhurbIebpb68OLMM="],"block_size":4096,"path":"images/social/9.png"},{"block_hashes":["mcTsrBS8sJQ3e+if2xgyp8YiO9Ww8Lyop/crCXI9Wtw="],"block_size":4096,"path":"images/twitter-highlighted.png"},{"block_hashes":["wr0sfvdqkXO58DrsmYnmtXz6v13AIMQA6Y/QWgUODmI="],"block_size":4096,"path":"images/twitter.png"},{"block_hashes":["1fe+mQ3aY6zQhYxb4jQM1PZMLtFBNFx1hCt/CvYjHUQ="],"block_size":4096,"path":"images/twitter/1-deactivated-highlighted.png"},{"block_hashes":["SvjegZggokq5kzpbuBwHfiTvRopjPGwAH7h7D1Iy/+U="],"block_size":4096,"path":"images/twitter/1-deactivated.png"},{"block_hashes":["t4fI5OAIQs3lcxXwMc91ji+a2ucjWHiMobf20HLMz98="],"block_size":4096,"path":"images/twitter/1-highlighted.png"},{"block_hashes":["VJ5hrh/FnhsQ7ybwTAQzRh7a4LQalXiln+YAyqRI2ZY="],"block_size":4096,"path":"images/twitter/1.png"},{"block_hashes":["iyhpdRxOBZKIGtDLahUVjoVy1y329fRO5E6RCyzWDlU="],"block_size":4096,"path":"images/twitter/10-deactivated.png"},{"block_hashes":["2CaXvDymjRDnBwqtQVbsgNzRJn6qVLGExDMbKIkCQGs="],"block_size":4096,"path":"images/twitter/10.png"},{"block_hashes":["y4UutbOYrx4YHuJ3JlMW2+5qIVABcKnL1u/s9XQppFY="],"block_size":4096,"path":"images/twitter/11-deactivated.png"},{"block_hashes":["n6MA/ADlEEF5DdTZNjMP8djESP9Td7l/Ro/YKvwuk/E="],"block_size":4096,"path":"images/twitter/11.png"},{"block_hashes":["l+x40RSw8wIjk2aA+8HyQ3l3OSbtQu7MP8FnUGKT2So="],"block_size":4096,"path":"images/twitter/12-deactivated.png"},{"block_hashes":["s0ffUsAcCBINECdB6HVUnqD5wt6KuLI2MFNDV1sRJD8="],"block_size":4096,"path":"images/twitter/12.png"},{"block_hashes":["0uh4PXbUUFtmz0LxpUSzzR897Ofld1rCL/fdG2FlbTI="],"block_size":4096,"path":"images/twitter/13-deactivated.png"},{"block_hashes":["U/SqQ+iohpdOtv7NyijtfBRx8hxrW+TmpJLfgvPco78="],"block_size":4096,"path":"images/twitter/13.png"},{"block_hashes":["sxduOr2LDRz3ROMnysLrvzoypmTIGLcZgwqtH3/1DCc="],"block_size":4096,"path":"images/twitter/14-deactivated.png"},{"block_hashes":["APIBId2enSKWVI3pMZekhKYATKt/fWxgWma+zzpjULs="],"block_size":4096,"path":"images/twitter/14.png"},{"block_hashes":["HjD0APUJ2Qg2EWzvjCz9vkdzsg0RGqPwGrWikzIVMqs="],"block_size":4096,"path":"images/twitter/2-deactivated.png"},{"block_hashes":["kCh4SrbaSmNeEyg1Di4Six6EFoNAD3vLeAmwu4cjgAE="],"block_size":4096,"path":"images/twitter/2.png"},{"block_hashes":["WjLMJAWQ3ByJyFooYcyZ/Ks0QP8cgrAlz4J6GpcZRjc="],"block_size":4096,"path":"images/twitter/3-deactivated.png"},{"block_hashes":["blG92BepKmlXRhCFVumouNF+mFyJhGXMo7xDXP0tnyU="],"block_size":4096,"path":"images/twitter/3.png"},{"block_hashes":["kwYhIkqF/hPAzcn+ZzYn+PQyHGeIDFEUnbEzmS1qFy8="],"block_size":4096,"path":"images/twitter/4-deactivated.png"},{"block_hashes":["hebRDDNfWGG+rvx/7+/mgmZgek1EfUfvbryN65BPTWc="],"block_size":4096,"path":"images/twitter/4.png"},{"block_hashes":["E1Q7uqeXQBFM9gIPUS5IYowtFETG2hm2p+axVck6fjw="],"block_size":4096,"path":"images/twitter/5-deactivated.png"},{"block_hashes":["z8OyFXzx7CYDuNkFq8YHZJPG63FmE+W5/6mxwTI1EdY="],"block_size":4096,"path":"images/twitter/5.png"},{"block_hashes":["NZLTnBVb6bbv4xhHGN4pKyWWoNXwvmJCUmT/UFqSeKo="],"block_size":4096,"path":"images/twitter/6-deactivated.png"},{"block_hashes":["V4DatwO42haDBLrLyt3q84KrzPzy8RllpV5MwP6oFvc="],"block_size":4096,"path":"images/twitter/6.png"},{"block_hashes":["k7sShgJqK4PUe5OBJUEbLrVHoapqLQVQnLfo7x9gb+o="],"block_size":4096,"path":"images/twitter/7-deactivated.png"},{"block_hashes":["BZppQOGD3eyIhyRLRBtdEB6mZtXzidNctptFOpsCDhE="],"block_size":4096,"path":"images/twitter/7.png"},{"block_hashes":["U1YHattSTLj0lhZwEruD7naHEO/9XF1EQfxOfgHY8hM="],"block_size":4096,"path":"images/twitter/8-deactivated.png"},{"block_hashes":["EfnwCDP56TwOI3aae6B0fzzcZzZR4NB6IXNLjwNAXV4="],"block_size":4096,"path":"images/twitter/8.png"},{"block_hashes":["AlgutUeXL6+7ujO14i2FQRR2QBIHmxE/cTBNx2kIMqE="],"block_size":4096,"path":"images/twitter/9-deactivated.png"},{"block_hashes":["j0Z851BhDjQbB2ZZUY8qEhY6+r7/EtTZJTe9Jes5r7Q="],"block_size":4096,"path":"images/twitter/9.png"},{"block_hashes":["eVUB3HkhKLKgqVCdmQaaxFDLHocG79sfWvZjfdysLaU="],"block_size":4096,"path":"markup/background.html"},{"block_hashes":["2noQFgswcctOk+ZYzrCnARDOzYlT8xvt0LtL8yQI7jA=","aLwRhCncWLWhtmSL4EiWqcOSQa7M6esOi00+IBp2e5I=","O+tLh9bzn1rCv7ei+9z+XtxFjgx0Q/whFoS3znstuU4="],"block_size":4096,"path":"markup/embed.html"},{"block_hashes":["DnzcMAIeD24vY/VnS9cPrNpNT2fnQoILG0qA78BtNiE=","1waxyrkOc+Lx2u6ePsM0+HaGrr2Rvx88615uI9B2uG0=","uDsQICT2bXT2AapwUaSN0jGwvefMmZry23GdpZGy5Zc="],"block_size":4096,"path":"markup/popup.html"},{"block_hashes":["hY5GWZ2VdJMUUvGeZs3r2y2fmDvoS+jiUvy31kumcKo=","Gz7VbqFEmpwSvh9ecQlMLyE6EDfDeZHz6E89bsw8fhU=","rAnzgYg6DfnJPGGUl/iPnfbTqO6TeHBj0MpKoJBDBoo=","hVgHzymPjUVKUOOSjNrqtJ4L/YWYiOgco6RQPx3x63U=","X1UpLh49r7aeKMEnAw8lk6TvD2F+Z17PMb+YJskGdlc=","/OpBJnOv24X2dj+Y7eXehd8H0kiwQIm1TQkAcLnsgl0=","U9D3i3i4dovE3dGaXmJzTCoLAuEZio3g70n4Wc29ci4=","7cEIk4nIjoY2UK3wuUZV/m6tVEdjlWm1Wufo+RFNDY4=","s4fpEgpHpyrssiZGxDAPmZq3jxUnnZ1zVHFe7MKwmfc=","PlaJUv6nL3HGV8B2xbYss9Y/iTgEIBKQcZHpRpA1Kkw=","U7FDEuie6vweXLDIWoAK0EC2Wh94a41fXWe/y3cBV7U="],"block_size":4096,"path":"scripts/background.js"},{"block_hashes":["kbjvcPyjbG33zjyOzqBhOfrHCTX6hHfw827f2Rnjtgc="],"block_size":4096,"path":"scripts/chrollusion/collusion-addon.js"},{"block_hashes":["0YitoeZ0urQvUBDgyC6pS4jA6xbRPmpdPzYlwnLeKb0=","YN7UvqSZpjdHhcJfSnWONYMOE3ZucKJOeDg5XbeayPk=","zYpu1QSUEOxjZiI3GScXx7Na7OUFV7aoEHGGQNUQLCk=","KcrQ88HJr5AzTFucapFKtUkpsy2jL35cx0kJt17aEOE=","ookmQ5KTKoyKGiWvnQVc8iGgBn4GIEvHdBudYICwE0I="],"block_size":4096,"path":"scripts/chrollusion/graphrunner.js"},{"block_hashes":["/H7tG1XrjivulXoQkL0UHrGoXN2a7waJxlqGzJ8PvKk="],"block_size":4096,"path":"scripts/chrollusion/index-content-script.js"},{"block_hashes":["HyVGu56vmse8UBDk2o/WXs6kZppLDWScqJ7jPs3ZpH0=","TUXmW7DDCvhcQftxXwMyrS9cZAAO/LKbbRfb5yekHa8=","vj87lwhKfYFeflv3BMFJrvVbiZymjGPHRS+VdBnWWys="],"block_size":4096,"path":"scripts/chrollusion/index-embed.js"},{"block_hashes":["6LBTDiVICbId1xhafHrcWA+y80cmWqgZ+BA6l4FM0jo=","rkXGSuF/7p2TFKqNUL7h7CjKQ6PzGu5Z/FpNAr+pmFo="],"block_size":4096,"path":"scripts/chrollusion/index.js"},{"block_hashes":["dEus2M4VDbhEANeJ1YumsnjWOrZRxUzYwJ7RpEdUj1Y=","ZdDcDDDT/nkR2rl3cG9DRCBI8VtI++aq2TfrAtw/ZK8="],"block_size":4096,"path":"scripts/content.js"},{"block_hashes":["7m8P7mhcrwYndh2+axn45/CIJmfSzCmvjvkhiWjU7nw=","vLQ+yAiBEbQzVShay97QZJxKe5wXVSvtq+pcVNRLNDA=","w9rXfi5WKxp10d/C8X4+NbvGD/G+rNihA0Xwt66A5jM=","VlQx0s35S7vmQCPjkQ88r/xf0uUjXt+hIIVHVpSxcv8=","EvLNuzapR0csGtbkoUE5ARI4H3feZpmnjVCTGfAHQdc=","4a1RB++Sdm6HWNpTux8xmrwv9TazailnDrohvIUX55c=","jb3vIWK7XNvv3JJtA/AXxxKgTZMpGFO19bl/RnydER4=","ab9Ttkn8W7iiVhnJ+ZlYyAxFAFTEcRXQMXpZRGWYHb0=","t9vfQ6nprj5uAIhwCKMq7EmdQOjSFdZ/wGV1cJde8T4=","T8KWN5VZfcD17UR1fVG4+ClA7P816giQ3ctYbp6cA38=","xfv43UqgnIgJK4H9J1Ly8Z9o6gHeQqMWf+B+AjSWAdc=","Sey8JsE4a5NeJ85Fe6zWDhkCDRH5N4WjbiFG9zWcdMc="],"block_size":4096,"path":"scripts/embed.js"},{"block_hashes":["PfdNCjiH8TrAS7Pg6B6AX4EapbzLxth/rB6JMwcBCeY="],"block_size":4096,"path":"scripts/errorhandler.js"},{"block_hashes":["rJwsWUb/MGj/QgsJSM947k+0Hak93AgmUqtkr0XM89U=","GMkP/mQxHi0/iphIHJa999TAkwIb+hiuC5ZqegTLVUY=","HcBRMtuQu2Khe6qgd5GpFevBI7I2x4jpSkzguCX3thY=","b4C7nlg1uEf96H1QS5nIfTXywTgT9AmG0shH1k9jLAM=","l26vkJLjSgI1HeI8yHDnZKjnK65iZjdQ/BeJ5EMNsbw=","WdPbsGJTJzJB8/eRFH4verCH1J3lE06DCp36P2NZcQ8=","Ovp2kG8O8UrzvyxTSWdZl0pgXG8MGdVQH2qrXHB3RJE=","ov+ST7m8iwTSEPmavreVm3l+TvuwNlVqkuQEeDvSODA=","GUedan/AqfZ1yARM8vzojXLf6OWERx798hvB4MDbjtQ=","MnxJfP8Jgc3AMs+Jq98NiRnx0sWshAKk6Oj1rigOeKQ=","hCXzEQwzsph7djfpSJXr/JTKz3VRLCzBXWV52rV8QVk=","bWAX01gQuCO09G4MEzbqCzKsfhzL8rK4vJarjSt3C+8=","440ZgZPNN9X3J9d19Yw2OkaaP49uDDXh8VwWXEOiWeI=","xVafOL2ztsRTpQ3O8AHUN+/q9WOzZ8XPLqmgkGMBh8I="],"block_size":4096,"path":"scripts/popup.js"},{"block_hashes":["5KBKYZhyvpkms659A24putQAlhDZ4hrFbsYZWIZYhYU=","oE19yogsEOXOYhTeXUgjbI/Nqw/2kyJ8sPVeC0G/2EU="],"block_size":4096,"path":"scripts/services.js"},{"block_hashes":["ANKCWD0dFsSIC5zXgFnFc8JXdYzw52wxFHfR0ocMMGE="],"block_size":4096,"path":"scripts/share.js"},{"block_hashes":["cBXDH0xCM4t1B0reEUaE1GQ5Hh78nBCJD5erYPoyo4Y="],"block_size":4096,"path":"scripts/vendor/d3/LICENSE.txt"},{"block_hashes":["vcTDKpkGL2FSPVoDOj8WG496O/MjDgkLZKQ7Vntc69w=","n/rx6X7q6fVmRH5/tYag6KmPgEKst4Mf8xXUEDO8spE=","WfJQ80jVijoXO8XRn6+n5izMflscSEbLQsi+408TQHo=","lJBiv8nwTFN0LFcw0ow8chNYS6HiKidiucIWWeZLZIs=","dUOHSKaGUXIe2Oov7Vg6NhCG4we6Vn7KC5Af9YLzf4Q=","/WUOI77v72m8TSJUUeotFZEtRUKBklVcpbnpyccQN9g="],"block_size":4096,"path":"scripts/vendor/d3/d3.geom.js"},{"block_hashes":["1MhRmpZoJDN77JKLPKv8NNCmjLwOTrdFYz5Jkhp/WRA=","fPW1AhJMxmYADnmec1dSprXElTJKHbjP2c8WzQktA/o=","UFdkQ2rV9FxHqGqqhR0W2/+6opoxIFA222wOxMrxsrw=","kGGEXQXno2EdMZHHeO/ffWM1LnqWWBFWLf8kLvHBUxs=","EtOAic46wPY/HnoQKCU/pV9xTK686iwKDVxTkduxN+k=","WrtNdJHeKHXNSZdgbXDL5uKY7Ee6NMsZqxFYLkems4M=","Fnfoe+p7w5Tv00KZvAa/MrgudvatsYyG1XHME+sfFe8=","ip2hFLE8KCkJ1DNL29qsj0A2beDmSR/i+W4P+WDU7fQ=","HpNj7NsmyTc+nJcjdjVjWoSV5ubee/8XgrKj4nUNSwA=","ykaYW9JwPzJdQbO6aQ+t36+LyUHVJxHRzsm//Xl4868=","ClBVvW/q/BVm2aBKQQX8Fw+WcwNC8qzkfbhC4hIXFD8=","sVo6KSt8W1uHFfq6/0v5hh0KAz4JGZtIiyRBazpBr2s=","jg57JsyVUEZpHD9c4zmKFPP87YNBlvYVno8D/XHN6TU=","Sm6hylowr2vOY1nFX6UnZOQ7wPBSZ+ldqdxxzpeAekk=","wSueinduxbxRLyy0kFTUJczufZYNLwjeTA1/pin8aPM=","++z5uN4lMUpf3XO0PctruorLB7mihgBbLucQDPtH2+o=","DbJFN7Imni0ESsHmUEe0gHBx7YUoEv/f8yX0akM+fKo=","TF+oT94cvPwQplazjqZLkXmstGpkKUoHlqRjmILCTpk=","rSmf4jNFP4sUj9HGvdyuMlBGRcULCwXQB48iD0Clam4=","EI0p7I+Cj1EaO+q2A6erhn0zZ0MS3cK6IdFmRb9QEOQ=","vBnevwmMDFfEBSwm6kCPY9SKrWD+MtBSNj6RMXcfFGs=","0VC7ey8cNNUr9ne1tSAYU17rrM2qae4CelYGQcHO6ss=","n7xRkgt1TLqXropMadEl8RIIsazGO3nMir1qFVr9tg4="],"block_size":4096,"path":"scripts/vendor/d3/d3.js"},{"block_hashes":["pO/ljZmPRjhJR8oG9alxoemHYhK+0gZD0bC8u4Hpj90=","S+56LdgLKj9j1CyI83cbsnW6JCv/mA+XEvX0qvOlg8k=","OffTmx4Js21mNdr5vttfe7pPJmNCxAQM0f2dx0XcWQw=","4uixrlSN+rOkRqvq6rwyrpiWuWBqdbtK4Y3DVEjVRVQ=","SG1+mbdunuj2l2JF6c8Yvwq2clbdY754LYmMAqD4TAI=","m/FE2FgXvQPd2SlY2ChmiodDypADPWdoCmnVd+0nQfQ=","o1F6A3IxPTIf67/5Z1rQ2il1R9Pm8utzTzcMioVfEH0=","lk4ATv7e9nkqBvjt2BBcPgBLa1Cgop7489hBrTrHZq8=","oApX/P5rWNo2jgH0khjyovvKwqVCUcEUGkk9JIJkNqU=","Cq5xuyE/QrL9IahUxTAGcT0EaHNnurm1uXfP9cmpkHQ=","i8ISh/jt83o9WgUr7QVzH7LW5NuFa7ZrxPSTy/b+9s4=","gfuw9cvVnnpZOvFod0RLVOh0dyusMC4HhD+B6BjqqLU="],"block_size":4096,"path":"scripts/vendor/d3/d3.layout.js"},{"block_hashes":["zffp1CRn/kD4Be1ZiMqIC7Wo9a2w9YtW9TpyNguIdKY="],"block_size":4096,"path":"scripts/vendor/favicon/favicon.js"},{"block_hashes":["EB4GSg+sow14waOcGq0ocrWBM2vk7RAtvHiJ1R4AGmc=","nj2I+2vYER7jH8UCC1LWTg+XPHB8xlcYE51bFmNISJk="],"block_size":4096,"path":"scripts/vendor/jquery/AUTHORS.txt"},{"block_hashes":["JEd5J1zPfe8Cp3JKcH3+h4f4Ov1cy2SYtCKWrkJISUA="],"block_size":4096,"path":"scripts/vendor/jquery/MIT-LICENSE.txt"},{"block_hashes":["HV0Kv47B1BpC6zcFwtDzdI+SxcfIELhY57eEi17REMA=","zC5KREwT65Mwep9bdkX7XG1sjrgEkfSuOwrpOpqAasI=","UastqnfJ7PG8/ShmL7tTTVxRi4gC/Gm0r6nHw19/oSk=","CescNNHuS/S5bcMk07rXaBlTMeefXcPZJHvkF7etJwA=","isKt6im3cPQ1lIY6c0ZfqJkweaMh9umSyJzf4DShaJ0=","EIft3lP6FF2kPkO3nifV5G5pidgTEbgH38U4xjWqqVA=","ylcca4iVztXsHHDTLpB0NuOI0poBq7CyIv07lOY3euE=","Y2ZVJSyQczfvO84octy9Tp0rcKcU09qQxQq5Xora73w=","7CNVWv1daqM92LJtmkBE1lrbzPclKdNb1td9IttASzs=","mW4cnVAdMAIsIe+v1DjQKG11kQzmyoscoDGwZRBks8Y=","6LplrAl4irivwNkHlVxygIcS9uvJSXXbr+bre/ykc2I=","O2LIYqYxOyJhBL5DvLAOfYtA300md8D5Hosr+Psz3d0=","OOOGCC7L35qViX4BYizVccBCTPkoQHTmhOVAwXolrK4=","qrUi69v0Not14P90qrYJTbfGEpxkmCWH7LJMizHlfxA=","kV/C5qk6hbu3Tb4sV46fEcHwPtN+unB82Za8oyw0dfs=","Ww+jMi6EEEXHc4jYrpWAVB23J2Tg21Pmgd57X7YdBck=","yw+NoK5wqlU92kk68dW6ZJAWMNe0l4XcjUSxa2XiTeQ=","Nnv9W3UNa2Mu5LAO4nRIUwQ5jQUJAwcY3oBfVmkdKaQ=","51SeMLxXU3gk4Csktko00KjbffB9RuzSYquDlLlpqx8=","C1mwe2N6XTh0VsGEeynwv1JnwMPQFAxDrk1JDuq7sq4=","ZjLiv/lRViF6DHOrs3D8gT70Ps9u3pUOuFf7c8c1D1I=","oFSlJAGc11yPxAVoTKzKRwDkFUbsA5Pa/xvFDwVnBa4=","qKSeiLOdhYi7EL77lyn7LMrHajzYZ+J+px/KjHWsO3Q=","BxX82XYvZ8B1MKT/riIoGVrSgfJS3l3Ms5tB2vNT9e0=","wLA/V3E8JlbB+0X+m3siNR96jftK/+bnj5Ib6/TkFBc=","S+Gns1D6zlGYM5iNnqSelWo4S9yXKqh66gOhuhBhfVg=","DXOH0me0x+D1mcrINVWH7gmcI7jU+h/ZzTimKkE2l54=","eXrT0DelhkDj9AAUBpzfrXNNAT1B/PERRJuMWxQLZeU=","fmx14gsE2RS94RhnqHu1tqL6nQW569QxVviRBgx3zk8=","iygcLFUlIjbeZyFJ4ZPxRvi23uSHvAjIcymPjjBlTLg=","RQ+B7c5Y3HjyhhqSN16jlr83dPM9QfuIQzl6wuRqSqE="],"block_size":4096,"path":"scripts/vendor/jquery/jquery-2.0.3.min.map"},{"block_hashes":["WuFYFxPpNvbK6sKhJtYsncrWQrYGQB640Kcxhw2ijnI=","a96z6njygCQT/rDf5Q/gY/JfmG0q2W95bgDJYvPdSBY=","0EPfXKTuH6I3ri2hzw3i3ozomj38hhz+GkReJC2TJgg=","8AM1YkkWqfd7L+ffeXNQcrlpsdsKVwWvGC6ekiR2pK4=","oiF01wNbPWl2AcnlpmTHRo8JZeZ4OFIbaGmuBKsP5pc=","XAa6UXDKPz3UrVgh6KQSJIgNd1nzWiqXOI8qFPHDDf4=","SNoG6y9am/JK2AXoirr86x/oey89/9aDVOE0QrlE+Bc=","IWp1Vzq6alYKRhKyV2cPyns7E4ctF0fBZWUXZ+swoEw=","mF2Lik96EfHEn3J+ZEuIzuwpt9/50hhYk/coqWiRJ/0=","qDLe9+kPHdW+yiA3AfyySzBOyUdM9frDk8tXh9Kid3U=","ikTPbSMHdb0CqUw/7NdGDO5hvjTnd1SBA79Eby+L+oY=","2fWo8m/GnQGdsQ5094jeuBrocHYUiRrxBz1Swo8eXAk=","aobxi8lDt+FyIckiRFE05ixzaOGL7+evyDPDy/IGBGk=","sMLARagA7a2bY2/0XWjH9giP05Rguqe4zOX/FmumFQw=","h8loPOZ0LsK4RjrKyu/MIN6bVmgmoMRd2FrgvHJKXow=","JN3dKlS7XG/oryGumBSf3PaLIYplqzzBC0dDo+sCDzg=","rXl2M8vMki91VNUjZjyw0QoeTuIlKiCoghsxHwkvA90=","/L/xIda8xlVAwQNPrgM6qKHkDw4dhZG5VdCvc/ZUU8w=","JXuavXu9oiCbJwgzn7BCqdBT6NY+Ev2qzHHtRiETl74=","0hzo3nrBHQM2sVGTLDo/KYTVWtjalwSHluHfgpWkytQ=","ouV8H09mdgkgY5mJNRXQ6BgGod0R0ILT5cZRfZNuZIA="],"block_size":4096,"path":"scripts/vendor/jquery/jquery.js"},{"block_hashes":["6DymencWffJkdMjDcIF2qExA51adT1+1SzRyAxfxhRU=","ZNHSb0Isf5UZbObU/QpMKcv8umMkl41Rs9P1XZsrkmk=","7Gw2GnSoAXWwkCIhnD1bL+wJqq1PVmGgxjQTWNZgH9c=","1kYoi2/Sxm0FfajWumo0TDawSznCY1TJIljhFkzV5Ko=","iomRZdRtZv14LGOTwYGtMCL/PYTj/XyDCMG9GU7zZQc=","61t0U+BM+YvwWT1pdP8m4ITq760FCCQW2xF930WtsYU=","oFQ4qBlQaukUCY6UbfvEMAk6kQ3smwQ1BABKT71u4Ps="],"block_size":4096,"path":"scripts/vendor/moment/moment.js"},{"block_hashes":["TwJIx2pFW+gi6OQNahZ9k6bsdw7lSVzovT1u1XEETEA=","+WZZTyNj7vKaky27VUYUy0Z98kRVoNpxUbCrNWacZA8=","pY/kmEIJVrL84lFA1YdLiX+HH69rvmkEqkSP3vkCCMY=","q/XmAoDx4TKe89bOpGDtLBGzRVFVKlI+FiRA/96in7M=","LDXiqAjZ/Lfy86U3Gox5GLFOt7ZazZvVhoxeQoEoenY=","TGwOzjImRbQIDTSo71tlq5qyd6metMZHg3Moyo1c27I=","JZ+x3gEeNdpupJumz82y94nMF91yFZEiMbo+DjSE12M=","9CHHSeSRlbC4EPkl3zaCpaoeLUYZgbIn+H0Dgl8g7kQ=","aDrNkBA6e36fhZ+YdqngU2cBvVbQnbpmcrDJ/OS4/kA="],"block_size":4096,"path":"scripts/vendor/port/COPYING.txt"},{"block_hashes":["uut/v19IGxrvWuBdOkSt4IsVKJZII3MXS97x6CjSJQ0=","E+jqHlLpl7CD8S8oyzjzxVEATaUdB4yGkyN9nrA1mYw=","U6W4wSNuUOrRiUQ3SUuNIvQZ+9MVO+oc8vi1IiLbuDw=","6hjJtlYWP6YOuUzTJOAGIhiii+ugSFWHSDT0tPVm2DE=","I+wtb+KxaKiEVeunNn1gcuwJSJO0z7hCFht/GHtjvNY=","gOFeLQYfWmoBpKG+fhEvrKA+htjg0iqVFj4YFrD0kQM="],"block_size":4096,"path":"scripts/vendor/port/port.js"},{"block_hashes":["cNYqu9RVer1r0UC+WN35v2/3LGVHUO1cGz0DHjWSKbA=","zBhlmUhLAPC6ZM3CrGqTb/7K3f05e1iL0wdlWYVRwKA=","izNh0FjajhnTPHa2xoeNO62lubeuxr0v9p9cBus0Uq0=","/jQuqZamwc7/wlsVO8BEtrZHCtmyPbCnNDB7KM0ZIGk=","27y4N9d0R6gF6qczf60ii861ow7iY+XjkAxH7fgXXFY=","b3E5ShLPDr3kGncjacE744Ksfpah0rWveD/NJBbTZJA=","eFH+ay5rMdz533rSfV87BjTqnD3xydqQl78YIT02COk=","IeAzamJhhi2P3jsn++X5nAaKbFzqfJDqQlh0X8wBVbE=","/CPM6mNIhhj4ok4QvmlGxEEdgYFarEda4NIscyVl7yA=","iHACOionKw+USDEQJCyPSXUBZJJDdWBON6EGUIKimZs=","3YIwSG3Qa4FQzGtPvZ8T63cxkpsrY/gc9yjgRQVNi6A=","w8jWE8EtJyVHukxl/7dksAKnxZG/TC/W0RvSQM8oQlI=","L7z1B1r886RCbVyyNLZ/7jL2pk8aKy8J/gt98xCCwtw=","nn6WUMNEDbtf6LuYAuEkMAgOhq5aDEz9vOdV3nUvAbA=","vqa0q5bC7Mtr+sH1+sgV0XcnIv1dQaOh3CWthfsBwvE=","FwaqlFsI6vvfdDYRfgr5dPADIiFVllFUa2zYbwKGG7I=","zpVYJMSX46dU6prg0vFjY1H064YKwAZUCxaRGWQ8xC0=","uQmp5rvUwztbDG+BChkOSMBgpXddtccHlCJW4a2cMVM=","x3MIumSlO7txX8hRhpkbjrdKNjHyfkDNqCxaNx+hdtg=","LdSQrYwqITDqPD00S7y0mqEgfwyrKs+UyMdg/i8vhbI=","xZ54cCk60k5hwyaLUqFUTsBf1DRnVdEA3DLCuyoqCFA=","l1mqZyFoz0f0hsYPtATvoNt1CBOIjH6KZw1O7V7+r90=","OLAppIGQN5vdVkVKKLUj6OaDaniy4uVDM1RNrrVnjeo=","j0b/O2XGPPiCDel3MdJ4hA9wroo5XMk4XGx6Qg4ufGs=","j549Nc+/fC3zED1Rj6F+wRMuAH5aZSCawbByiPeIbv0=","LT/zBtzAW/u1rYBt2j/YoT9z/OcMfY1UINTzqmfo3IE=","QgIZ1/f844ufFSFSisA2T/38SgrMRYlbPZ0wV4vAvBk=","Hobhb5Z69GK95AtKD4FskvRZNtDP6CIARPqc3enu9d4=","fYWDW98P+PO7sZekutGaGtplg9Q+NqCw6GcuWEgedP8=","gRxgMJmfc3kpW9SN8Jgkh+2hGicSVvQfz4vWoVw6yK4="],"block_size":4096,"path":"scripts/vendor/sitename/alttlds.js"},{"block_hashes":["tz5elg+qXc1LKzixyLulXvjUKwmfoIYEGoWrOSUyV/g=","SSnSNtjb8hZvTGVF5p6+FPHrGZCR+MCPu8uJxZLdd2o=","VJ+CjOgpWENpaFGu6ntexHw+/2ZJl3J9pFe1qtrEroI=","vwNbvFV4FSiiL5MBsMze/8tKTYup2X6EGjskiVyMNWU=","qb2GaWFXIOa7+T1D021vCP402rU9v615QVTfd3qn2aA=","CRXgZLl2kDDlMJAoNy/NvE3eKji+uCExDRLKnlfQ64A=","3qEc92/OtKKbpnafgrHKX7g9bamxgNlxKKkYaiiPFKs=","jngxmATg13o8XcQSTjXEMCenfEWwfznwHD8cnyd8S5o=","FJ/hFKjzxzYFLT1wc8FS+RS/IjSl4qTJOCYN6IpK86c=","IGzBe0JoSaeIQfIZy0T71IfmsB2TUO+aHDX/iILZbKE=","4lJaK3skC2rmBlRcRED61UzKRJ+lSvdjjm1eyffSPfE=","nie3IVjsyM91jcccYhGePEBKqgK3n7CBDZGfFhYsgP8=","C93gAWz2ueQtaPpffPw4jjFaGFpQGckR6NtV9WImBDA=","bqLxvBee7b341Zat0Xw3sCTbxcoyh8zQ9qxSxziBrAA=","/MXFyd0REhPDtqvpNGbNAzUYAlvfdUUj+ihUpynZ3yE=","a1q3Dfo/jz1hsp2u38GFxgr6WNEph5MMOzSxBwm+Ko4=","pnU/9sTi3IGgJQGwQQns1TXTTYgb/ExP0gCMtKJId60="],"block_size":4096,"path":"scripts/vendor/sitename/data/effective_tld_names.dat"},{"block_hashes":["CnkHFcsJQaRdZuib5lz48QOA42YBwLygwI/Wd7+1Mqg="],"block_size":4096,"path":"scripts/vendor/sitename/data/tldpatch.json"},{"block_hashes":["3gXc2JMBEXuS9N9ndSo+uOU1iRfTAfp+DlJZuB7caYE="],"block_size":4096,"path":"scripts/vendor/sitename/sitename.js"},{"block_hashes":["z47L34rs1XaAApEY58Ou1HbzJ4QkPIwM5XZgCfX0Lkw="],"block_size":4096,"path":"scripts/vendor/sitename/tldpatch.js"},{"block_hashes":["PAfTpdlWcV5e09Lts54aCmHEGqFMG6EMDLjN1fTzMVo=","sc7uTqAcpGK2GMTDSSDOcppUe+nSUfr3UW35R4GztdU=","Vu25y2GxndwP5pL38tQ6ufYxpMndRCbM+Qi79sqdlWQ=","TePwrXr2NQJAQxPoFpPGFVf3lLCayOPETTOQJvLewpo=","RqmH7ZPEksdUpwQiVyZiPn2ps0CJrCZENXqQjM+M37s=","bjUN9wckXiUX8LcMAbv1AWKYkwRjAjKXGoM5FeiRtH4=","RgsgnTtuIOlpFYpaNtBRUvz/1Y2gZ6/X1XfGD5Xgz1M=","5pwRKM4DG7AR06q0lgKuD7cof76GmciSBO+3Pd1ypb4=","h+/RQzM3ZKX4PlhbS93bfthkdjOd1mq3zBbLqsuJcyA=","j/WxatsHMbTgNoEURZhuh3G/vGgrUWmpkH/a/GpJiCk=","InTtZyRqnvwFoUGsP562JRgfBZxNETP2Tpv3pF5HMtQ=","YkJxt7b4hyc8zSebEQJX8M1YnMdHJvXOsV24+eCVC5c=","T1aENdDSUpjNVCcfZEYB/T1hVTjvFOS7J0XXpcERmU8="],"block_size":4096,"path":"scripts/vendor/tipped/tipped.js"},{"block_hashes":["aFQifUKvEfI8+biS+eTEgiB/sO9hcLSn8uCd/Df/W2I=","FUSZeDEUWODfcXD6J9kslhadCtI35our2yXLZlm3Y2g="],"block_size":4096,"path":"stylesheets/chrollusion/index.css"},{"block_hashes":["D6TFbxj+GIz88CfTngQ1v6fbUrcyM1VyiU+00xUR9ps="],"block_size":4096,"path":"stylesheets/content.css"},{"block_hashes":["4r+eALsqvlYWHEFr4+0Uyb4SptmfILJkdjkVQ8Go/VA=","Z6V5424n1TKjvmJea8VOfcSjuQkjxqYcfjmuT1ovx6M=","gzxr8yk9iI0iLm4kvhUQW1jMHMDoQ0f0c96gx/1So7w="],"block_size":4096,"path":"stylesheets/embed.css"},{"block_hashes":["jtVzrnrcY0kS1No2VukfevZlqsHzYcUBMvyGEYQ1HcA="],"block_size":4096,"path":"stylesheets/legacy.css"},{"block_hashes":["BrrqThMxVKmQqnBA2VlvHqL5flt7TKzPaIYI3iPBm0Y=","68WRfdsmMG2ZDwpqHwZOiw5CASNwqKv1SekIpe7lqVI="],"block_size":4096,"path":"stylesheets/popup.css"},{"block_hashes":["7F585VlXLRg5SNzEHC9c4W61ZQl6HO/NRPuoBhgvLw4="],"block_size":4096,"path":"stylesheets/vendor/hint/LICENSE-MIT.txt"},{"block_hashes":["YuM0Kbaw8yJnIY3jCR5AqjGJivL+NtRY+CaLx3anhts=","UYS05akfH6tjpUA8UF3Qxlr6XH7KHrtoosUgi78j63Y="],"block_size":4096,"path":"stylesheets/vendor/hint/hint.css"},{"block_hashes":["H8rZN0e0caK6e8ieijQCcimFO1RJgeCnd7vdP8N+ToE="],"block_size":4096,"path":"stylesheets/vendor/tipped/tipped.css"}],"version":2}