{"copyright":"This proprietary database is protected by copyright, and is owned exclusively by Ghostery and all rights to it are expressly reserved. If you are interested in using this database for any purpose outside of the Ghostery application, contact Ghostery at info@ghostery.com. Ghostery may grant permission to use our proprietary database as determined in our sole discretion. Unauthorized use of this proprietary database, or any portion of it, may result in legal proceedings against you, seeking monetary damages and an injunction against you, including the payment of legal fees and costs.","compatibility":[{"aid":19,"urls":["abnamro.nl","anz.com","autoblog.com","bankofamerica.com","barclays.co.uk","corriere.it","eservice.libertymutual.com","get.adobe.com","homedepot.com","mijnpakket.postnl.nl","samsung.com","store.apple.com","ticketmaster.be","ticketmaster.ca","ticketmaster.com","ticketmaster.de","ticketmaster.nl","ticketweb.co.uk","ticnet.se","walmart.com","wegmans.com","westernunion.com","wired.com"]},{"aid":41,"urls":["bloomberg.com/video*","cnet.com/videos*","fortune.com","imdb.com/video*","n-tv.de","telegraph.co.uk","theglobeandmail.com"]},{"aid":49,"urls":["aflac.com","hrsaccount.com","metoffice.gov.uk"]},{"aid":93,"urls":["formspring.me"]},{"aid":163,"urls":["menshealth.com","t-mobile.com"]},{"aid":224,"urls":["priceminister.com"]},{"aid":265,"urls":["espn.go.com","scores.espn.go.com"]},{"aid":380,"urls":["espn.go.com","nhl.com","video.cnbc.com"]},{"aid":423,"urls":["sho.com","space.com"]},{"aid":459,"urls":["target.com"]},{"aid":505,"urls":["cbsnews.com","crosswordclub.co.uk"]},{"aid":561,"urls":["bloomberg.com/video*","hbogo.com","pbs.org"]},{"aid":731,"urls":["pbs.org"]},{"aid":974,"urls":["homedepot.com","lowes.com","riogrande.com","wegmans.com"]},{"aid":989,"urls":["gametrailers.com","mtv.com/videos*"]},{"aid":1420,"urls":["newyorker.com"]},{"aid":1434,"urls":["cheaptickets.com","orbitz.com"]},{"aid":1510,"urls":["members.oreilly.com"]},{"aid":1552,"urls":["travelsmith.com"]}],"compatibilityVersion":1412365936752}